drop table "MPFACTORY"."COUNTER";
drop table "MPFACTORY"."DISTRICT";
drop table "MPFACTORY"."AGGLOMERATIONS";
drop table "MPFACTORY"."CITY";
drop table "MPFACTORY"."STATE";



CREATE TABLE "MPFACTORY"."STATE"
  (
    "ID" INTEGER NOT NULL ENABLE,
    "NAME"     VARCHAR2(60),
    CONSTRAINT "STATE_ID_PK" PRIMARY KEY ("ID")
  )
;

CREATE TABLE "MPFACTORY"."CITY"
  (
    "ID" INTEGER NOT NULL ENABLE,
    "STATE_ID" INTEGER NOT NULL ENABLE,
    "NAME"     VARCHAR2(60),
    "ORD"    INTEGER,
    CONSTRAINT "CITY_ID_PK" PRIMARY KEY ("ID"),
    CONSTRAINT "CITY_FK1" FOREIGN KEY ("STATE_ID") REFERENCES "MPFACTORY"."STATE" ("ID") ENABLE
  )
;

CREATE TABLE "MPFACTORY"."DISTRICT"
  (
    "ID" INTEGER NOT NULL ENABLE,
    "CITY_ID" INTEGER NOT NULL ENABLE,
    "NAME"     VARCHAR2(60),
    CONSTRAINT "DISTRICT_ID_PK" PRIMARY KEY ("ID"),
    CONSTRAINT "DISTRICT_FK1" FOREIGN KEY ("CITY_ID") REFERENCES "MPFACTORY"."CITY" ("ID") ENABLE
  )
;

CREATE TABLE "MPFACTORY"."AGGLOMERATIONS"
  (
    "ID" INTEGER NOT NULL ENABLE,
    "AGGLOM_ID"  INTEGER,
    "CITY_ID"    INTEGER,
    CONSTRAINT "AGGLOMERATIONS_ID_PK" PRIMARY KEY ("ID"),
    CONSTRAINT "AGGLOMERATIONS_FK1" FOREIGN KEY ("AGGLOM_ID") REFERENCES "MPFACTORY"."CITY" ("ID") ENABLE,
    CONSTRAINT "AGGLOMERATIONS_FK2" FOREIGN KEY ("CITY_ID") REFERENCES "MPFACTORY"."CITY" ("ID") ENABLE
  )
;

INSERT INTO "MPFACTORY"."STATE"("ID", "NAME") VALUES(1,'Dolnośląskie');
INSERT INTO "MPFACTORY"."STATE"("ID", "NAME") VALUES(2,'Kujawsko-Pomorskie');
INSERT INTO "MPFACTORY"."STATE"("ID", "NAME") VALUES(3,'Lubelskie');
INSERT INTO "MPFACTORY"."STATE"("ID", "NAME") VALUES(4,'Lubuskie');
INSERT INTO "MPFACTORY"."STATE"("ID", "NAME") VALUES(5,'Łódzkie');
INSERT INTO "MPFACTORY"."STATE"("ID", "NAME") VALUES(6,'Mazowieckie');
INSERT INTO "MPFACTORY"."STATE"("ID", "NAME") VALUES(7,'Małopolskie');
INSERT INTO "MPFACTORY"."STATE"("ID", "NAME") VALUES(8,'Opolskie');
INSERT INTO "MPFACTORY"."STATE"("ID", "NAME") VALUES(9,'Podkarpackie');
INSERT INTO "MPFACTORY"."STATE"("ID", "NAME") VALUES(10,'Podlaskie');
INSERT INTO "MPFACTORY"."STATE"("ID", "NAME") VALUES(11,'Pomorskie');
INSERT INTO "MPFACTORY"."STATE"("ID", "NAME") VALUES(12,'Śląskie');
INSERT INTO "MPFACTORY"."STATE"("ID", "NAME") VALUES(13,'Świętokrzyskie');
INSERT INTO "MPFACTORY"."STATE"("ID", "NAME") VALUES(14,'Warmińsko-Mazurskie');
INSERT INTO "MPFACTORY"."STATE"("ID", "NAME") VALUES(15,'Wielkopolskie');
INSERT INTO "MPFACTORY"."STATE"("ID", "NAME") VALUES(16,'Zachodniopomorskie');


SET DEFINE OFF;
Insert into "MPFACTORY"."CITY" (ID,STATE_ID,NAME) values (1,2,'Aleksandrów Kujawski');
Insert into "MPFACTORY"."CITY" (ID,STATE_ID,NAME) values (2,5,'Aleksandrów Łódzki');
Insert into "MPFACTORY"."CITY" (ID,STATE_ID,NAME) values (3,7,'Alwernia');
Insert into "MPFACTORY"."CITY" (ID,STATE_ID,NAME) values (4,7,'Andrychów');
Insert into "MPFACTORY"."CITY" (ID,STATE_ID,NAME) values (5,3,'Annopol');
Insert into "MPFACTORY"."CITY" (ID,STATE_ID,NAME) values (6,10,'Augustów');
Insert into "MPFACTORY"."CITY" (ID,STATE_ID,NAME) values (7,4,'Babimost');
Insert into "MPFACTORY"."CITY" (ID,STATE_ID,NAME) values (8,8,'Baborów');
Insert into "MPFACTORY"."CITY" (ID,STATE_ID,NAME) values (9,9,'Baranów Sandomierski');
Insert into "MPFACTORY"."CITY" (ID,STATE_ID,NAME) values (10,2,'Barcin');
Insert into "MPFACTORY"."CITY" (ID,STATE_ID,NAME) values (11,14,'Barczewo');
Insert into "MPFACTORY"."CITY" (ID,STATE_ID,NAME) values (12,1,'Bardo');
Insert into "MPFACTORY"."CITY" (ID,STATE_ID,NAME) values (13,16,'Barlinek');
Insert into "MPFACTORY"."CITY" (ID,STATE_ID,NAME) values (14,14,'Bartoszyce');
Insert into "MPFACTORY"."CITY" (ID,STATE_ID,NAME) values (15,16,'Barwice');
Insert into "MPFACTORY"."CITY" (ID,STATE_ID,NAME) values (16,5,'Bełchatów');
Insert into "MPFACTORY"."CITY" (ID,STATE_ID,NAME) values (17,3,'Bełżyce');
Insert into "MPFACTORY"."CITY" (ID,STATE_ID,NAME) values (18,12,'Będzin');
Insert into "MPFACTORY"."CITY" (ID,STATE_ID,NAME) values (19,8,'Biała');
Insert into "MPFACTORY"."CITY" (ID,STATE_ID,NAME) values (20,14,'Biała Piska');
Insert into "MPFACTORY"."CITY" (ID,STATE_ID,NAME) values (21,3,'Biała Podlaska');
Insert into "MPFACTORY"."CITY" (ID,STATE_ID,NAME) values (22,5,'Biała Rawska');
Insert into "MPFACTORY"."CITY" (ID,STATE_ID,NAME) values (23,6,'Białobrzegi');
Insert into "MPFACTORY"."CITY" (ID,STATE_ID,NAME) values (24,16,'Białogard');
Insert into "MPFACTORY"."CITY" (ID,STATE_ID,NAME) values (25,16,'Biały Bór');
Insert into "MPFACTORY"."CITY" (ID,STATE_ID,NAME) values (26,10,'Białystok');
Insert into "MPFACTORY"."CITY" (ID,STATE_ID,NAME) values (27,7,'Biecz');
Insert into "MPFACTORY"."CITY" (ID,STATE_ID,NAME) values (28,1,'Bielawa');
Insert into "MPFACTORY"."CITY" (ID,STATE_ID,NAME) values (29,10,'Bielsk Podlaski');
Insert into "MPFACTORY"."CITY" (ID,STATE_ID,NAME) values (30,12,'Bielsko-Biała');
Insert into "MPFACTORY"."CITY" (ID,STATE_ID,NAME) values (31,12,'Bieruń');
Insert into "MPFACTORY"."CITY" (ID,STATE_ID,NAME) values (32,1,'Bierutów');
Insert into "MPFACTORY"."CITY" (ID,STATE_ID,NAME) values (33,6,'Bieżuń');
Insert into "MPFACTORY"."CITY" (ID,STATE_ID,NAME) values (34,3,'Biłgoraj');
Insert into "MPFACTORY"."CITY" (ID,STATE_ID,NAME) values (35,14,'Biskupiec');
Insert into "MPFACTORY"."CITY" (ID,STATE_ID,NAME) values (36,14,'Bisztynek');
Insert into "MPFACTORY"."CITY" (ID,STATE_ID,NAME) values (37,12,'Blachownia');
Insert into "MPFACTORY"."CITY" (ID,STATE_ID,NAME) values (38,5,'Błaszki');
Insert into "MPFACTORY"."CITY" (ID,STATE_ID,NAME) values (39,9,'Błażowa');
Insert into "MPFACTORY"."CITY" (ID,STATE_ID,NAME) values (40,6,'Błonie');
Insert into "MPFACTORY"."CITY" (ID,STATE_ID,NAME) values (41,16,'Bobolice');
Insert into "MPFACTORY"."CITY" (ID,STATE_ID,NAME) values (42,7,'Bobowa');
Insert into "MPFACTORY"."CITY" (ID,STATE_ID,NAME) values (43,7,'Bochnia');
Insert into "MPFACTORY"."CITY" (ID,STATE_ID,NAME) values (44,13,'Bodzentyn');
Insert into "MPFACTORY"."CITY" (ID,STATE_ID,NAME) values (45,1,'Bogatynia');
Insert into "MPFACTORY"."CITY" (ID,STATE_ID,NAME) values (46,9,'Boguchwała');
Insert into "MPFACTORY"."CITY" (ID,STATE_ID,NAME) values (47,1,'Boguszów-Gorce');
Insert into "MPFACTORY"."CITY" (ID,STATE_ID,NAME) values (48,15,'Bojanowo');
Insert into "MPFACTORY"."CITY" (ID,STATE_ID,NAME) values (49,1,'Bolesławiec');
Insert into "MPFACTORY"."CITY" (ID,STATE_ID,NAME) values (50,1,'Bolków');
Insert into "MPFACTORY"."CITY" (ID,STATE_ID,NAME) values (51,15,'Borek Wielkopolski');
Insert into "MPFACTORY"."CITY" (ID,STATE_ID,NAME) values (52,16,'Borne Sulinowo');
Insert into "MPFACTORY"."CITY" (ID,STATE_ID,NAME) values (53,14,'Braniewo');
Insert into "MPFACTORY"."CITY" (ID,STATE_ID,NAME) values (54,10,'Brańsk');
Insert into "MPFACTORY"."CITY" (ID,STATE_ID,NAME) values (55,2,'Brodnica');
Insert into "MPFACTORY"."CITY" (ID,STATE_ID,NAME) values (56,6,'Brok');
Insert into "MPFACTORY"."CITY" (ID,STATE_ID,NAME) values (57,11,'Brusy');
Insert into "MPFACTORY"."CITY" (ID,STATE_ID,NAME) values (58,6,'Brwinów');
Insert into "MPFACTORY"."CITY" (ID,STATE_ID,NAME) values (59,8,'Brzeg');
Insert into "MPFACTORY"."CITY" (ID,STATE_ID,NAME) values (60,1,'Brzeg Dolny');
Insert into "MPFACTORY"."CITY" (ID,STATE_ID,NAME) values (61,7,'Brzesko');
Insert into "MPFACTORY"."CITY" (ID,STATE_ID,NAME) values (62,7,'Brzeszcze');
Insert into "MPFACTORY"."CITY" (ID,STATE_ID,NAME) values (63,2,'Brześć Kujawski');
Insert into "MPFACTORY"."CITY" (ID,STATE_ID,NAME) values (64,5,'Brzeziny');
Insert into "MPFACTORY"."CITY" (ID,STATE_ID,NAME) values (65,9,'Brzostek');
Insert into "MPFACTORY"."CITY" (ID,STATE_ID,NAME) values (66,9,'Brzozów');
Insert into "MPFACTORY"."CITY" (ID,STATE_ID,NAME) values (67,15,'Buk');
Insert into "MPFACTORY"."CITY" (ID,STATE_ID,NAME) values (68,7,'Bukowno');
Insert into "MPFACTORY"."CITY" (ID,STATE_ID,NAME) values (69,13,'Busko-Zdrój');
Insert into "MPFACTORY"."CITY" (ID,STATE_ID,NAME) values (70,3,'Bychawa');
Insert into "MPFACTORY"."CITY" (ID,STATE_ID,NAME) values (71,8,'Byczyna');
Insert into "MPFACTORY"."CITY" (ID,STATE_ID,NAME) values (72,2,'Bydgoszcz');
Insert into "MPFACTORY"."CITY" (ID,STATE_ID,NAME) values (73,1,'Bystrzyca Kłodzka');
Insert into "MPFACTORY"."CITY" (ID,STATE_ID,NAME) values (74,12,'Bytom');
Insert into "MPFACTORY"."CITY" (ID,STATE_ID,NAME) values (75,4,'Bytom Odrzański');
Insert into "MPFACTORY"."CITY" (ID,STATE_ID,NAME) values (76,11,'Bytów');
Insert into "MPFACTORY"."CITY" (ID,STATE_ID,NAME) values (77,16,'Cedynia');
Insert into "MPFACTORY"."CITY" (ID,STATE_ID,NAME) values (78,3,'Chełm');
Insert into "MPFACTORY"."CITY" (ID,STATE_ID,NAME) values (79,7,'Chełmek');
Insert into "MPFACTORY"."CITY" (ID,STATE_ID,NAME) values (80,2,'Chełmno');
Insert into "MPFACTORY"."CITY" (ID,STATE_ID,NAME) values (81,2,'Chełmża');
Insert into "MPFACTORY"."CITY" (ID,STATE_ID,NAME) values (82,13,'Chęciny');
Insert into "MPFACTORY"."CITY" (ID,STATE_ID,NAME) values (83,13,'Chmielnik');
Insert into "MPFACTORY"."CITY" (ID,STATE_ID,NAME) values (84,1,'Chocianów');
Insert into "MPFACTORY"."CITY" (ID,STATE_ID,NAME) values (85,16,'Chociwel');
Insert into "MPFACTORY"."CITY" (ID,STATE_ID,NAME) values (86,2,'Chodecz');
Insert into "MPFACTORY"."CITY" (ID,STATE_ID,NAME) values (87,15,'Chodzież');
Insert into "MPFACTORY"."CITY" (ID,STATE_ID,NAME) values (88,16,'Chojna');
Insert into "MPFACTORY"."CITY" (ID,STATE_ID,NAME) values (89,11,'Chojnice');
Insert into "MPFACTORY"."CITY" (ID,STATE_ID,NAME) values (90,1,'Chojnów');
Insert into "MPFACTORY"."CITY" (ID,STATE_ID,NAME) values (91,10,'Choroszcz');
Insert into "MPFACTORY"."CITY" (ID,STATE_ID,NAME) values (92,6,'Chorzele');
Insert into "MPFACTORY"."CITY" (ID,STATE_ID,NAME) values (93,12,'Chorzów');
Insert into "MPFACTORY"."CITY" (ID,STATE_ID,NAME) values (94,16,'Choszczno');
Insert into "MPFACTORY"."CITY" (ID,STATE_ID,NAME) values (95,7,'Chrzanów');
Insert into "MPFACTORY"."CITY" (ID,STATE_ID,NAME) values (96,10,'Ciechanowiec');
Insert into "MPFACTORY"."CITY" (ID,STATE_ID,NAME) values (97,6,'Ciechanów');
Insert into "MPFACTORY"."CITY" (ID,STATE_ID,NAME) values (98,2,'Ciechocinek');
Insert into "MPFACTORY"."CITY" (ID,STATE_ID,NAME) values (99,9,'Cieszanów');
Insert into "MPFACTORY"."CITY" (ID,STATE_ID,NAME) values (100,12,'Cieszyn');
Insert into "MPFACTORY"."CITY" (ID,STATE_ID,NAME) values (101,7,'Ciężkowice');
Insert into "MPFACTORY"."CITY" (ID,STATE_ID,NAME) values (102,4,'Cybinka');
Insert into "MPFACTORY"."CITY" (ID,STATE_ID,NAME) values (103,16,'Czaplinek');
Insert into "MPFACTORY"."CITY" (ID,STATE_ID,NAME) values (104,10,'Czarna Białostocka');
Insert into "MPFACTORY"."CITY" (ID,STATE_ID,NAME) values (105,11,'Czarna Woda');
Insert into "MPFACTORY"."CITY" (ID,STATE_ID,NAME) values (106,11,'Czarne');
Insert into "MPFACTORY"."CITY" (ID,STATE_ID,NAME) values (107,15,'Czarnków');
Insert into "MPFACTORY"."CITY" (ID,STATE_ID,NAME) values (108,7,'Czchów');
Insert into "MPFACTORY"."CITY" (ID,STATE_ID,NAME) values (109,12,'Czechowice-Dziedzice');
Insert into "MPFACTORY"."CITY" (ID,STATE_ID,NAME) values (110,12,'Czeladź');
Insert into "MPFACTORY"."CITY" (ID,STATE_ID,NAME) values (111,15,'Czempiń');
Insert into "MPFACTORY"."CITY" (ID,STATE_ID,NAME) values (112,15,'Czerniejewo');
Insert into "MPFACTORY"."CITY" (ID,STATE_ID,NAME) values (113,11,'Czersk');
Insert into "MPFACTORY"."CITY" (ID,STATE_ID,NAME) values (114,4,'Czerwieńsk');
Insert into "MPFACTORY"."CITY" (ID,STATE_ID,NAME) values (115,12,'Czerwionka-Leszczyny');
Insert into "MPFACTORY"."CITY" (ID,STATE_ID,NAME) values (116,12,'Częstochowa');
Insert into "MPFACTORY"."CITY" (ID,STATE_ID,NAME) values (117,16,'Człopa');
Insert into "MPFACTORY"."CITY" (ID,STATE_ID,NAME) values (118,11,'Człuchów');
Insert into "MPFACTORY"."CITY" (ID,STATE_ID,NAME) values (119,10,'Czyżew');
Insert into "MPFACTORY"."CITY" (ID,STATE_ID,NAME) values (120,13,'Ćmielów');
Insert into "MPFACTORY"."CITY" (ID,STATE_ID,NAME) values (121,13,'Daleszyce');
Insert into "MPFACTORY"."CITY" (ID,STATE_ID,NAME) values (122,16,'Darłowo');
Insert into "MPFACTORY"."CITY" (ID,STATE_ID,NAME) values (123,15,'Dąbie');
Insert into "MPFACTORY"."CITY" (ID,STATE_ID,NAME) values (124,10,'Dąbrowa Białostocka');
Insert into "MPFACTORY"."CITY" (ID,STATE_ID,NAME) values (125,12,'Dąbrowa Górnicza');
Insert into "MPFACTORY"."CITY" (ID,STATE_ID,NAME) values (126,7,'Dąbrowa Tarnowska');
Insert into "MPFACTORY"."CITY" (ID,STATE_ID,NAME) values (127,11,'Debrzno');
Insert into "MPFACTORY"."CITY" (ID,STATE_ID,NAME) values (128,9,'Dębica');
Insert into "MPFACTORY"."CITY" (ID,STATE_ID,NAME) values (129,3,'Dęblin');
Insert into "MPFACTORY"."CITY" (ID,STATE_ID,NAME) values (130,16,'Dębno');
Insert into "MPFACTORY"."CITY" (ID,STATE_ID,NAME) values (131,7,'Dobczyce');
Insert into "MPFACTORY"."CITY" (ID,STATE_ID,NAME) values (132,4,'Dobiegniew');
Insert into "MPFACTORY"."CITY" (ID,STATE_ID,NAME) values (133,16,'Dobra');
Insert into "MPFACTORY"."CITY" (ID,STATE_ID,NAME) values (134,15,'Dobra');
Insert into "MPFACTORY"."CITY" (ID,STATE_ID,NAME) values (135,14,'Dobre Miasto');
Insert into "MPFACTORY"."CITY" (ID,STATE_ID,NAME) values (136,8,'Dobrodzień');
Insert into "MPFACTORY"."CITY" (ID,STATE_ID,NAME) values (137,16,'Dobrzany');
Insert into "MPFACTORY"."CITY" (ID,STATE_ID,NAME) values (138,2,'Dobrzyń nad Wisłą');
Insert into "MPFACTORY"."CITY" (ID,STATE_ID,NAME) values (139,15,'Dolsk');
Insert into "MPFACTORY"."CITY" (ID,STATE_ID,NAME) values (140,16,'Drawno');
Insert into "MPFACTORY"."CITY" (ID,STATE_ID,NAME) values (141,16,'Drawsko Pomorskie');
Insert into "MPFACTORY"."CITY" (ID,STATE_ID,NAME) values (142,4,'Drezdenko');
Insert into "MPFACTORY"."CITY" (ID,STATE_ID,NAME) values (143,6,'Drobin');
Insert into "MPFACTORY"."CITY" (ID,STATE_ID,NAME) values (144,10,'Drohiczyn');
Insert into "MPFACTORY"."CITY" (ID,STATE_ID,NAME) values (145,5,'Drzewica');
Insert into "MPFACTORY"."CITY" (ID,STATE_ID,NAME) values (146,9,'Dukla');
Insert into "MPFACTORY"."CITY" (ID,STATE_ID,NAME) values (147,1,'Duszniki-Zdrój');
Insert into "MPFACTORY"."CITY" (ID,STATE_ID,NAME) values (148,9,'Dynów');
Insert into "MPFACTORY"."CITY" (ID,STATE_ID,NAME) values (149,14,'Działdowo');
Insert into "MPFACTORY"."CITY" (ID,STATE_ID,NAME) values (150,13,'Działoszyce');
Insert into "MPFACTORY"."CITY" (ID,STATE_ID,NAME) values (151,5,'Działoszyn');
Insert into "MPFACTORY"."CITY" (ID,STATE_ID,NAME) values (152,11,'Dzierzgoń');
Insert into "MPFACTORY"."CITY" (ID,STATE_ID,NAME) values (153,1,'Dzierżoniów');
Insert into "MPFACTORY"."CITY" (ID,STATE_ID,NAME) values (154,16,'Dziwnów');
Insert into "MPFACTORY"."CITY" (ID,STATE_ID,NAME) values (155,14,'Elbląg');
Insert into "MPFACTORY"."CITY" (ID,STATE_ID,NAME) values (156,14,'Ełk');
Insert into "MPFACTORY"."CITY" (ID,STATE_ID,NAME) values (157,3,'Frampol');
Insert into "MPFACTORY"."CITY" (ID,STATE_ID,NAME) values (158,14,'Frombork');
Insert into "MPFACTORY"."CITY" (ID,STATE_ID,NAME) values (159,6,'Garwolin');
Insert into "MPFACTORY"."CITY" (ID,STATE_ID,NAME) values (160,6,'Gąbin');
Insert into "MPFACTORY"."CITY" (ID,STATE_ID,NAME) values (161,11,'Gdańsk');
Insert into "MPFACTORY"."CITY" (ID,STATE_ID,NAME) values (162,11,'Gdynia');
Insert into "MPFACTORY"."CITY" (ID,STATE_ID,NAME) values (163,14,'Giżycko');
Insert into "MPFACTORY"."CITY" (ID,STATE_ID,NAME) values (164,6,'Glinojeck');
Insert into "MPFACTORY"."CITY" (ID,STATE_ID,NAME) values (165,12,'Gliwice');
Insert into "MPFACTORY"."CITY" (ID,STATE_ID,NAME) values (166,1,'Głogów');
Insert into "MPFACTORY"."CITY" (ID,STATE_ID,NAME) values (167,9,'Głogów Małopolski');
Insert into "MPFACTORY"."CITY" (ID,STATE_ID,NAME) values (168,8,'Głogówek');
Insert into "MPFACTORY"."CITY" (ID,STATE_ID,NAME) values (169,5,'Głowno');
Insert into "MPFACTORY"."CITY" (ID,STATE_ID,NAME) values (170,8,'Głubczyce');
Insert into "MPFACTORY"."CITY" (ID,STATE_ID,NAME) values (171,8,'Głuchołazy');
Insert into "MPFACTORY"."CITY" (ID,STATE_ID,NAME) values (172,1,'Głuszyca');
Insert into "MPFACTORY"."CITY" (ID,STATE_ID,NAME) values (173,11,'Gniew');
Insert into "MPFACTORY"."CITY" (ID,STATE_ID,NAME) values (174,2,'Gniewkowo');
Insert into "MPFACTORY"."CITY" (ID,STATE_ID,NAME) values (175,15,'Gniezno');
Insert into "MPFACTORY"."CITY" (ID,STATE_ID,NAME) values (176,8,'Gogolin');
Insert into "MPFACTORY"."CITY" (ID,STATE_ID,NAME) values (177,16,'Golczewo');
Insert into "MPFACTORY"."CITY" (ID,STATE_ID,NAME) values (178,16,'Goleniów');
Insert into "MPFACTORY"."CITY" (ID,STATE_ID,NAME) values (179,15,'Golina');
Insert into "MPFACTORY"."CITY" (ID,STATE_ID,NAME) values (180,2,'Golub-Dobrzyń');
Insert into "MPFACTORY"."CITY" (ID,STATE_ID,NAME) values (181,15,'Gołańcz');
Insert into "MPFACTORY"."CITY" (ID,STATE_ID,NAME) values (182,14,'Gołdap');
Insert into "MPFACTORY"."CITY" (ID,STATE_ID,NAME) values (183,10,'Goniądz');
Insert into "MPFACTORY"."CITY" (ID,STATE_ID,NAME) values (184,7,'Gorlice');
Insert into "MPFACTORY"."CITY" (ID,STATE_ID,NAME) values (185,8,'Gorzów Śląski');
Insert into "MPFACTORY"."CITY" (ID,STATE_ID,NAME) values (186,4,'Gorzów Wielkopolski');
Insert into "MPFACTORY"."CITY" (ID,STATE_ID,NAME) values (187,6,'Gostynin');
Insert into "MPFACTORY"."CITY" (ID,STATE_ID,NAME) values (188,15,'Gostyń');
Insert into "MPFACTORY"."CITY" (ID,STATE_ID,NAME) values (189,16,'Gościno');
Insert into "MPFACTORY"."CITY" (ID,STATE_ID,NAME) values (190,4,'Gozdnica');
Insert into "MPFACTORY"."CITY" (ID,STATE_ID,NAME) values (191,1,'Góra');
Insert into "MPFACTORY"."CITY" (ID,STATE_ID,NAME) values (192,6,'Góra Kalwaria');
Insert into "MPFACTORY"."CITY" (ID,STATE_ID,NAME) values (193,14,'Górowo Iławeckie');
Insert into "MPFACTORY"."CITY" (ID,STATE_ID,NAME) values (194,2,'Górzno');
Insert into "MPFACTORY"."CITY" (ID,STATE_ID,NAME) values (195,15,'Grabów nad Prosną');
Insert into "MPFACTORY"."CITY" (ID,STATE_ID,NAME) values (196,10,'Grajewo');
Insert into "MPFACTORY"."CITY" (ID,STATE_ID,NAME) values (197,8,'Grodków');
Insert into "MPFACTORY"."CITY" (ID,STATE_ID,NAME) values (198,6,'Grodzisk Mazowiecki');
Insert into "MPFACTORY"."CITY" (ID,STATE_ID,NAME) values (199,15,'Grodzisk Wielkopolski');
Insert into "MPFACTORY"."CITY" (ID,STATE_ID,NAME) values (200,6,'Grójec');
Insert into "MPFACTORY"."CITY" (ID,STATE_ID,NAME) values (201,2,'Grudziądz');
Insert into "MPFACTORY"."CITY" (ID,STATE_ID,NAME) values (202,7,'Grybów');
Insert into "MPFACTORY"."CITY" (ID,STATE_ID,NAME) values (203,16,'Gryfice');
Insert into "MPFACTORY"."CITY" (ID,STATE_ID,NAME) values (204,16,'Gryfino');
Insert into "MPFACTORY"."CITY" (ID,STATE_ID,NAME) values (205,1,'Gryfów Śląski');
Insert into "MPFACTORY"."CITY" (ID,STATE_ID,NAME) values (206,4,'Gubin');
Insert into "MPFACTORY"."CITY" (ID,STATE_ID,NAME) values (207,10,'Hajnówka');
Insert into "MPFACTORY"."CITY" (ID,STATE_ID,NAME) values (208,6,'Halinów');
Insert into "MPFACTORY"."CITY" (ID,STATE_ID,NAME) values (209,11,'Hel');
Insert into "MPFACTORY"."CITY" (ID,STATE_ID,NAME) values (210,3,'Hrubieszów');
Insert into "MPFACTORY"."CITY" (ID,STATE_ID,NAME) values (211,14,'Iława');
Insert into "MPFACTORY"."CITY" (ID,STATE_ID,NAME) values (212,4,'Iłowa');
Insert into "MPFACTORY"."CITY" (ID,STATE_ID,NAME) values (213,6,'Iłża');
Insert into "MPFACTORY"."CITY" (ID,STATE_ID,NAME) values (214,12,'Imielin');
Insert into "MPFACTORY"."CITY" (ID,STATE_ID,NAME) values (215,2,'Inowrocław');
Insert into "MPFACTORY"."CITY" (ID,STATE_ID,NAME) values (216,16,'Ińsko');
Insert into "MPFACTORY"."CITY" (ID,STATE_ID,NAME) values (217,9,'Iwonicz-Zdrój');
Insert into "MPFACTORY"."CITY" (ID,STATE_ID,NAME) values (218,2,'Izbica Kujawska');
Insert into "MPFACTORY"."CITY" (ID,STATE_ID,NAME) values (219,2,'Jabłonowo Pomorskie');
Insert into "MPFACTORY"."CITY" (ID,STATE_ID,NAME) values (220,2,'Janikowo');
Insert into "MPFACTORY"."CITY" (ID,STATE_ID,NAME) values (221,2,'Janowiec Wielkopolski');
Insert into "MPFACTORY"."CITY" (ID,STATE_ID,NAME) values (222,3,'Janów Lubelski');
Insert into "MPFACTORY"."CITY" (ID,STATE_ID,NAME) values (223,15,'Jarocin');
Insert into "MPFACTORY"."CITY" (ID,STATE_ID,NAME) values (224,9,'Jarosław');
Insert into "MPFACTORY"."CITY" (ID,STATE_ID,NAME) values (225,4,'Jasień');
Insert into "MPFACTORY"."CITY" (ID,STATE_ID,NAME) values (226,9,'Jasło');
Insert into "MPFACTORY"."CITY" (ID,STATE_ID,NAME) values (227,11,'Jastarnia');
Insert into "MPFACTORY"."CITY" (ID,STATE_ID,NAME) values (228,15,'Jastrowie');
Insert into "MPFACTORY"."CITY" (ID,STATE_ID,NAME) values (229,12,'Jastrzębie-Zdrój');
Insert into "MPFACTORY"."CITY" (ID,STATE_ID,NAME) values (230,1,'Jawor');
Insert into "MPFACTORY"."CITY" (ID,STATE_ID,NAME) values (231,12,'Jaworzno');
Insert into "MPFACTORY"."CITY" (ID,STATE_ID,NAME) values (232,1,'Jaworzyna Śląska');
Insert into "MPFACTORY"."CITY" (ID,STATE_ID,NAME) values (233,9,'Jedlicze');
Insert into "MPFACTORY"."CITY" (ID,STATE_ID,NAME) values (234,1,'Jedlina-Zdrój');
Insert into "MPFACTORY"."CITY" (ID,STATE_ID,NAME) values (235,10,'Jedwabne');
Insert into "MPFACTORY"."CITY" (ID,STATE_ID,NAME) values (236,1,'Jelcz-Laskowice');
Insert into "MPFACTORY"."CITY" (ID,STATE_ID,NAME) values (237,1,'Jelenia Góra');
Insert into "MPFACTORY"."CITY" (ID,STATE_ID,NAME) values (238,14,'Jeziorany');
Insert into "MPFACTORY"."CITY" (ID,STATE_ID,NAME) values (239,13,'Jędrzejów');
Insert into "MPFACTORY"."CITY" (ID,STATE_ID,NAME) values (240,7,'Jordanów');
Insert into "MPFACTORY"."CITY" (ID,STATE_ID,NAME) values (241,3,'Józefów');
Insert into "MPFACTORY"."CITY" (ID,STATE_ID,NAME) values (242,6,'Józefów');
Insert into "MPFACTORY"."CITY" (ID,STATE_ID,NAME) values (243,15,'Jutrosin');
Insert into "MPFACTORY"."CITY" (ID,STATE_ID,NAME) values (244,12,'Kalety');
Insert into "MPFACTORY"."CITY" (ID,STATE_ID,NAME) values (245,15,'Kalisz');
Insert into "MPFACTORY"."CITY" (ID,STATE_ID,NAME) values (246,16,'Kalisz Pomorski');
Insert into "MPFACTORY"."CITY" (ID,STATE_ID,NAME) values (247,7,'Kalwaria Zebrzydowska');
Insert into "MPFACTORY"."CITY" (ID,STATE_ID,NAME) values (248,6,'Kałuszyn');
Insert into "MPFACTORY"."CITY" (ID,STATE_ID,NAME) values (249,1,'Kamienna Góra');
Insert into "MPFACTORY"."CITY" (ID,STATE_ID,NAME) values (250,2,'Kamień Krajeński');
Insert into "MPFACTORY"."CITY" (ID,STATE_ID,NAME) values (251,16,'Kamień Pomorski');
Insert into "MPFACTORY"."CITY" (ID,STATE_ID,NAME) values (252,5,'Kamieńsk');
Insert into "MPFACTORY"."CITY" (ID,STATE_ID,NAME) values (253,9,'Kańczuga');
Insert into "MPFACTORY"."CITY" (ID,STATE_ID,NAME) values (254,6,'Karczew');
Insert into "MPFACTORY"."CITY" (ID,STATE_ID,NAME) values (255,4,'Kargowa');
Insert into "MPFACTORY"."CITY" (ID,STATE_ID,NAME) values (256,16,'Karlino');
Insert into "MPFACTORY"."CITY" (ID,STATE_ID,NAME) values (257,1,'Karpacz');
Insert into "MPFACTORY"."CITY" (ID,STATE_ID,NAME) values (258,11,'Kartuzy');
Insert into "MPFACTORY"."CITY" (ID,STATE_ID,NAME) values (259,12,'Katowice');
Insert into "MPFACTORY"."CITY" (ID,STATE_ID,NAME) values (260,3,'Kazimierz Dolny');
Insert into "MPFACTORY"."CITY" (ID,STATE_ID,NAME) values (261,13,'Kazimierza Wielka');
Insert into "MPFACTORY"."CITY" (ID,STATE_ID,NAME) values (262,1,'Kąty Wrocławskie');
Insert into "MPFACTORY"."CITY" (ID,STATE_ID,NAME) values (263,2,'Kcynia');
Insert into "MPFACTORY"."CITY" (ID,STATE_ID,NAME) values (264,8,'Kędzierzyn-Koźle');
Insert into "MPFACTORY"."CITY" (ID,STATE_ID,NAME) values (265,11,'Kępice');
Insert into "MPFACTORY"."CITY" (ID,STATE_ID,NAME) values (266,15,'Kępno');
Insert into "MPFACTORY"."CITY" (ID,STATE_ID,NAME) values (267,14,'Kętrzyn');
Insert into "MPFACTORY"."CITY" (ID,STATE_ID,NAME) values (268,7,'Kęty');
Insert into "MPFACTORY"."CITY" (ID,STATE_ID,NAME) values (269,13,'Kielce');
Insert into "MPFACTORY"."CITY" (ID,STATE_ID,NAME) values (270,8,'Kietrz');
Insert into "MPFACTORY"."CITY" (ID,STATE_ID,NAME) values (271,14,'Kisielice');
Insert into "MPFACTORY"."CITY" (ID,STATE_ID,NAME) values (272,15,'Kleczew');
Insert into "MPFACTORY"."CITY" (ID,STATE_ID,NAME) values (273,10,'Kleszczele');
Insert into "MPFACTORY"."CITY" (ID,STATE_ID,NAME) values (274,8,'Kluczbork');
Insert into "MPFACTORY"."CITY" (ID,STATE_ID,NAME) values (275,15,'Kłecko');
Insert into "MPFACTORY"."CITY" (ID,STATE_ID,NAME) values (276,12,'Kłobuck');
Insert into "MPFACTORY"."CITY" (ID,STATE_ID,NAME) values (277,15,'Kłodawa');
Insert into "MPFACTORY"."CITY" (ID,STATE_ID,NAME) values (278,1,'Kłodzko');
Insert into "MPFACTORY"."CITY" (ID,STATE_ID,NAME) values (279,12,'Knurów');
Insert into "MPFACTORY"."CITY" (ID,STATE_ID,NAME) values (280,10,'Knyszyn');
Insert into "MPFACTORY"."CITY" (ID,STATE_ID,NAME) values (281,15,'Kobylin');
Insert into "MPFACTORY"."CITY" (ID,STATE_ID,NAME) values (282,6,'Kobyłka');
Insert into "MPFACTORY"."CITY" (ID,STATE_ID,NAME) values (283,3,'Kock');
Insert into "MPFACTORY"."CITY" (ID,STATE_ID,NAME) values (284,9,'Kolbuszowa');
Insert into "MPFACTORY"."CITY" (ID,STATE_ID,NAME) values (285,10,'Kolno');
Insert into "MPFACTORY"."CITY" (ID,STATE_ID,NAME) values (286,8,'Kolonowskie');
Insert into "MPFACTORY"."CITY" (ID,STATE_ID,NAME) values (287,5,'Koluszki');
Insert into "MPFACTORY"."CITY" (ID,STATE_ID,NAME) values (288,9,'Kołaczyce');
Insert into "MPFACTORY"."CITY" (ID,STATE_ID,NAME) values (289,15,'Koło');
Insert into "MPFACTORY"."CITY" (ID,STATE_ID,NAME) values (290,16,'Kołobrzeg');
Insert into "MPFACTORY"."CITY" (ID,STATE_ID,NAME) values (291,12,'Koniecpol');
Insert into "MPFACTORY"."CITY" (ID,STATE_ID,NAME) values (292,15,'Konin');
Insert into "MPFACTORY"."CITY" (ID,STATE_ID,NAME) values (293,6,'Konstancin-Jeziorna');
Insert into "MPFACTORY"."CITY" (ID,STATE_ID,NAME) values (294,5,'Konstantynów Łódzki');
Insert into "MPFACTORY"."CITY" (ID,STATE_ID,NAME) values (295,13,'Końskie');
Insert into "MPFACTORY"."CITY" (ID,STATE_ID,NAME) values (296,13,'Koprzywnica');
Insert into "MPFACTORY"."CITY" (ID,STATE_ID,NAME) values (297,8,'Korfantów');
Insert into "MPFACTORY"."CITY" (ID,STATE_ID,NAME) values (298,2,'Koronowo');
Insert into "MPFACTORY"."CITY" (ID,STATE_ID,NAME) values (299,14,'Korsze');
Insert into "MPFACTORY"."CITY" (ID,STATE_ID,NAME) values (300,6,'Kosów Lacki');
Insert into "MPFACTORY"."CITY" (ID,STATE_ID,NAME) values (301,15,'Kostrzyn');
Insert into "MPFACTORY"."CITY" (ID,STATE_ID,NAME) values (302,4,'Kostrzyn nad Odrą');
Insert into "MPFACTORY"."CITY" (ID,STATE_ID,NAME) values (303,16,'Koszalin');
Insert into "MPFACTORY"."CITY" (ID,STATE_ID,NAME) values (304,15,'Kościan');
Insert into "MPFACTORY"."CITY" (ID,STATE_ID,NAME) values (305,11,'Kościerzyna');
Insert into "MPFACTORY"."CITY" (ID,STATE_ID,NAME) values (306,2,'Kowal');
Insert into "MPFACTORY"."CITY" (ID,STATE_ID,NAME) values (307,2,'Kowalewo Pomorskie');
Insert into "MPFACTORY"."CITY" (ID,STATE_ID,NAME) values (308,1,'Kowary');
Insert into "MPFACTORY"."CITY" (ID,STATE_ID,NAME) values (309,12,'Koziegłowy');
Insert into "MPFACTORY"."CITY" (ID,STATE_ID,NAME) values (310,6,'Kozienice');
Insert into "MPFACTORY"."CITY" (ID,STATE_ID,NAME) values (311,15,'Koźmin Wielkopolski');
Insert into "MPFACTORY"."CITY" (ID,STATE_ID,NAME) values (312,4,'Kożuchów');
Insert into "MPFACTORY"."CITY" (ID,STATE_ID,NAME) values (313,15,'Kórnik');
Insert into "MPFACTORY"."CITY" (ID,STATE_ID,NAME) values (314,15,'Krajenka');
Insert into "MPFACTORY"."CITY" (ID,STATE_ID,NAME) values (315,7,'Kraków');
Insert into "MPFACTORY"."CITY" (ID,STATE_ID,NAME) values (316,8,'Krapkowice');
Insert into "MPFACTORY"."CITY" (ID,STATE_ID,NAME) values (317,3,'Krasnobród');
Insert into "MPFACTORY"."CITY" (ID,STATE_ID,NAME) values (318,3,'Krasnystaw');
Insert into "MPFACTORY"."CITY" (ID,STATE_ID,NAME) values (319,3,'Kraśnik');
Insert into "MPFACTORY"."CITY" (ID,STATE_ID,NAME) values (320,15,'Krobia');
Insert into "MPFACTORY"."CITY" (ID,STATE_ID,NAME) values (321,9,'Krosno');
Insert into "MPFACTORY"."CITY" (ID,STATE_ID,NAME) values (322,4,'Krosno Odrzańskie');
Insert into "MPFACTORY"."CITY" (ID,STATE_ID,NAME) values (323,5,'Krośniewice');
Insert into "MPFACTORY"."CITY" (ID,STATE_ID,NAME) values (324,15,'Krotoszyn');
Insert into "MPFACTORY"."CITY" (ID,STATE_ID,NAME) values (325,2,'Kruszwica');
Insert into "MPFACTORY"."CITY" (ID,STATE_ID,NAME) values (326,11,'Krynica Morska');
Insert into "MPFACTORY"."CITY" (ID,STATE_ID,NAME) values (327,7,'Krynica-Zdrój');
Insert into "MPFACTORY"."CITY" (ID,STATE_ID,NAME) values (328,10,'Krynki');
Insert into "MPFACTORY"."CITY" (ID,STATE_ID,NAME) values (329,12,'Krzanowice');
Insert into "MPFACTORY"."CITY" (ID,STATE_ID,NAME) values (330,12,'Krzepice');
Insert into "MPFACTORY"."CITY" (ID,STATE_ID,NAME) values (331,7,'Krzeszowice');
Insert into "MPFACTORY"."CITY" (ID,STATE_ID,NAME) values (332,15,'Krzywiń');
Insert into "MPFACTORY"."CITY" (ID,STATE_ID,NAME) values (333,15,'Krzyż Wielkopolski');
Insert into "MPFACTORY"."CITY" (ID,STATE_ID,NAME) values (334,15,'Książ Wielkopolski');
Insert into "MPFACTORY"."CITY" (ID,STATE_ID,NAME) values (335,1,'Kudowa-Zdrój');
Insert into "MPFACTORY"."CITY" (ID,STATE_ID,NAME) values (336,13,'Kunów');
Insert into "MPFACTORY"."CITY" (ID,STATE_ID,NAME) values (337,5,'Kutno');
Insert into "MPFACTORY"."CITY" (ID,STATE_ID,NAME) values (338,12,'Kuźnia Raciborska');
Insert into "MPFACTORY"."CITY" (ID,STATE_ID,NAME) values (339,11,'Kwidzyn');
Insert into "MPFACTORY"."CITY" (ID,STATE_ID,NAME) values (340,1,'Lądek-Zdrój');
Insert into "MPFACTORY"."CITY" (ID,STATE_ID,NAME) values (341,6,'Legionowo');
Insert into "MPFACTORY"."CITY" (ID,STATE_ID,NAME) values (342,1,'Legnica');
Insert into "MPFACTORY"."CITY" (ID,STATE_ID,NAME) values (343,9,'Lesko');
Insert into "MPFACTORY"."CITY" (ID,STATE_ID,NAME) values (344,15,'Leszno');
Insert into "MPFACTORY"."CITY" (ID,STATE_ID,NAME) values (345,1,'Leśna');
Insert into "MPFACTORY"."CITY" (ID,STATE_ID,NAME) values (346,8,'Leśnica');
Insert into "MPFACTORY"."CITY" (ID,STATE_ID,NAME) values (347,8,'Lewin Brzeski');
Insert into "MPFACTORY"."CITY" (ID,STATE_ID,NAME) values (348,9,'Leżajsk');
Insert into "MPFACTORY"."CITY" (ID,STATE_ID,NAME) values (349,11,'Lębork');
Insert into "MPFACTORY"."CITY" (ID,STATE_ID,NAME) values (350,12,'Lędziny');
Insert into "MPFACTORY"."CITY" (ID,STATE_ID,NAME) values (351,7,'Libiąż');
Insert into "MPFACTORY"."CITY" (ID,STATE_ID,NAME) values (352,14,'Lidzbark');
Insert into "MPFACTORY"."CITY" (ID,STATE_ID,NAME) values (353,14,'Lidzbark Warmiński');
Insert into "MPFACTORY"."CITY" (ID,STATE_ID,NAME) values (354,7,'Limanowa');
Insert into "MPFACTORY"."CITY" (ID,STATE_ID,NAME) values (355,16,'Lipiany');
Insert into "MPFACTORY"."CITY" (ID,STATE_ID,NAME) values (356,2,'Lipno');
Insert into "MPFACTORY"."CITY" (ID,STATE_ID,NAME) values (357,10,'Lipsk');
Insert into "MPFACTORY"."CITY" (ID,STATE_ID,NAME) values (358,6,'Lipsko');
Insert into "MPFACTORY"."CITY" (ID,STATE_ID,NAME) values (359,9,'Lubaczów');
Insert into "MPFACTORY"."CITY" (ID,STATE_ID,NAME) values (360,1,'Lubań');
Insert into "MPFACTORY"."CITY" (ID,STATE_ID,NAME) values (361,3,'Lubartów');
Insert into "MPFACTORY"."CITY" (ID,STATE_ID,NAME) values (362,14,'Lubawa');
Insert into "MPFACTORY"."CITY" (ID,STATE_ID,NAME) values (363,1,'Lubawka');
Insert into "MPFACTORY"."CITY" (ID,STATE_ID,NAME) values (364,2,'Lubień Kujawski');
Insert into "MPFACTORY"."CITY" (ID,STATE_ID,NAME) values (365,1,'Lubin');
Insert into "MPFACTORY"."CITY" (ID,STATE_ID,NAME) values (366,3,'Lublin');
Insert into "MPFACTORY"."CITY" (ID,STATE_ID,NAME) values (367,12,'Lubliniec');
Insert into "MPFACTORY"."CITY" (ID,STATE_ID,NAME) values (368,4,'Lubniewice');
Insert into "MPFACTORY"."CITY" (ID,STATE_ID,NAME) values (369,1,'Lubomierz');
Insert into "MPFACTORY"."CITY" (ID,STATE_ID,NAME) values (370,15,'Luboń');
Insert into "MPFACTORY"."CITY" (ID,STATE_ID,NAME) values (371,2,'Lubraniec');
Insert into "MPFACTORY"."CITY" (ID,STATE_ID,NAME) values (372,4,'Lubsko');
Insert into "MPFACTORY"."CITY" (ID,STATE_ID,NAME) values (373,15,'Lwówek');
Insert into "MPFACTORY"."CITY" (ID,STATE_ID,NAME) values (374,1,'Lwówek Śląski');
Insert into "MPFACTORY"."CITY" (ID,STATE_ID,NAME) values (375,2,'Łabiszyn');
Insert into "MPFACTORY"."CITY" (ID,STATE_ID,NAME) values (376,9,'Łańcut');
Insert into "MPFACTORY"."CITY" (ID,STATE_ID,NAME) values (377,10,'Łapy');
Insert into "MPFACTORY"."CITY" (ID,STATE_ID,NAME) values (378,2,'Łasin');
Insert into "MPFACTORY"."CITY" (ID,STATE_ID,NAME) values (379,5,'Łask');
Insert into "MPFACTORY"."CITY" (ID,STATE_ID,NAME) values (380,6,'Łaskarzew');
Insert into "MPFACTORY"."CITY" (ID,STATE_ID,NAME) values (381,3,'Łaszczów');
Insert into "MPFACTORY"."CITY" (ID,STATE_ID,NAME) values (382,12,'Łaziska Górne');
Insert into "MPFACTORY"."CITY" (ID,STATE_ID,NAME) values (383,12,'Łazy');
Insert into "MPFACTORY"."CITY" (ID,STATE_ID,NAME) values (384,11,'Łeba');
Insert into "MPFACTORY"."CITY" (ID,STATE_ID,NAME) values (385,3,'Łęczna');
Insert into "MPFACTORY"."CITY" (ID,STATE_ID,NAME) values (386,5,'Łęczyca');
Insert into "MPFACTORY"."CITY" (ID,STATE_ID,NAME) values (387,4,'Łęknica');
Insert into "MPFACTORY"."CITY" (ID,STATE_ID,NAME) values (388,16,'Łobez');
Insert into "MPFACTORY"."CITY" (ID,STATE_ID,NAME) values (389,15,'Łobżenica');
Insert into "MPFACTORY"."CITY" (ID,STATE_ID,NAME) values (390,6,'Łochów');
Insert into "MPFACTORY"."CITY" (ID,STATE_ID,NAME) values (391,6,'Łomianki');
Insert into "MPFACTORY"."CITY" (ID,STATE_ID,NAME) values (392,10,'Łomża');
Insert into "MPFACTORY"."CITY" (ID,STATE_ID,NAME) values (393,6,'Łosice');
Insert into "MPFACTORY"."CITY" (ID,STATE_ID,NAME) values (394,5,'Łowicz');
Insert into "MPFACTORY"."CITY" (ID,STATE_ID,NAME) values (395,5,'Łódź');
Insert into "MPFACTORY"."CITY" (ID,STATE_ID,NAME) values (396,3,'Łuków');
Insert into "MPFACTORY"."CITY" (ID,STATE_ID,NAME) values (397,6,'Maków Mazowiecki');
Insert into "MPFACTORY"."CITY" (ID,STATE_ID,NAME) values (398,7,'Maków Podhalański');
Insert into "MPFACTORY"."CITY" (ID,STATE_ID,NAME) values (399,11,'Malbork');
Insert into "MPFACTORY"."CITY" (ID,STATE_ID,NAME) values (400,13,'Małogoszcz');
Insert into "MPFACTORY"."CITY" (ID,STATE_ID,NAME) values (401,4,'Małomice');
Insert into "MPFACTORY"."CITY" (ID,STATE_ID,NAME) values (402,15,'Margonin');
Insert into "MPFACTORY"."CITY" (ID,STATE_ID,NAME) values (403,6,'Marki');
Insert into "MPFACTORY"."CITY" (ID,STATE_ID,NAME) values (404,16,'Maszewo');
Insert into "MPFACTORY"."CITY" (ID,STATE_ID,NAME) values (405,12,'Miasteczko Śląskie');
Insert into "MPFACTORY"."CITY" (ID,STATE_ID,NAME) values (406,11,'Miastko');
Insert into "MPFACTORY"."CITY" (ID,STATE_ID,NAME) values (407,10,'Michałowo');
Insert into "MPFACTORY"."CITY" (ID,STATE_ID,NAME) values (408,7,'Miechów');
Insert into "MPFACTORY"."CITY" (ID,STATE_ID,NAME) values (409,15,'Miejska Górka');
Insert into "MPFACTORY"."CITY" (ID,STATE_ID,NAME) values (410,9,'Mielec');
Insert into "MPFACTORY"."CITY" (ID,STATE_ID,NAME) values (411,1,'Mieroszów');
Insert into "MPFACTORY"."CITY" (ID,STATE_ID,NAME) values (412,16,'Mieszkowice');
Insert into "MPFACTORY"."CITY" (ID,STATE_ID,NAME) values (413,1,'Międzybórz');
Insert into "MPFACTORY"."CITY" (ID,STATE_ID,NAME) values (414,15,'Międzychód');
Insert into "MPFACTORY"."CITY" (ID,STATE_ID,NAME) values (415,1,'Międzylesie');
Insert into "MPFACTORY"."CITY" (ID,STATE_ID,NAME) values (416,3,'Międzyrzec Podlaski');
Insert into "MPFACTORY"."CITY" (ID,STATE_ID,NAME) values (417,4,'Międzyrzecz');
Insert into "MPFACTORY"."CITY" (ID,STATE_ID,NAME) values (418,16,'Międzyzdroje');
Insert into "MPFACTORY"."CITY" (ID,STATE_ID,NAME) values (419,14,'Mikołajki');
Insert into "MPFACTORY"."CITY" (ID,STATE_ID,NAME) values (420,12,'Mikołów');
Insert into "MPFACTORY"."CITY" (ID,STATE_ID,NAME) values (421,15,'Mikstat');
Insert into "MPFACTORY"."CITY" (ID,STATE_ID,NAME) values (422,6,'Milanówek');
Insert into "MPFACTORY"."CITY" (ID,STATE_ID,NAME) values (423,1,'Milicz');
Insert into "MPFACTORY"."CITY" (ID,STATE_ID,NAME) values (424,14,'Miłakowo');
Insert into "MPFACTORY"."CITY" (ID,STATE_ID,NAME) values (425,14,'Miłomłyn');
Insert into "MPFACTORY"."CITY" (ID,STATE_ID,NAME) values (426,15,'Miłosław');
Insert into "MPFACTORY"."CITY" (ID,STATE_ID,NAME) values (427,6,'Mińsk Mazowiecki');
Insert into "MPFACTORY"."CITY" (ID,STATE_ID,NAME) values (428,16,'Mirosławiec');
Insert into "MPFACTORY"."CITY" (ID,STATE_ID,NAME) values (429,1,'Mirsk');
Insert into "MPFACTORY"."CITY" (ID,STATE_ID,NAME) values (430,6,'Mława');
Insert into "MPFACTORY"."CITY" (ID,STATE_ID,NAME) values (431,14,'Młynary');
Insert into "MPFACTORY"."CITY" (ID,STATE_ID,NAME) values (432,6,'Mogielnica');
Insert into "MPFACTORY"."CITY" (ID,STATE_ID,NAME) values (433,2,'Mogilno');
Insert into "MPFACTORY"."CITY" (ID,STATE_ID,NAME) values (434,10,'Mońki');
Insert into "MPFACTORY"."CITY" (ID,STATE_ID,NAME) values (435,14,'Morąg');
Insert into "MPFACTORY"."CITY" (ID,STATE_ID,NAME) values (436,6,'Mordy');
Insert into "MPFACTORY"."CITY" (ID,STATE_ID,NAME) values (437,16,'Moryń');
Insert into "MPFACTORY"."CITY" (ID,STATE_ID,NAME) values (438,15,'Mosina');
Insert into "MPFACTORY"."CITY" (ID,STATE_ID,NAME) values (439,14,'Mrągowo');
Insert into "MPFACTORY"."CITY" (ID,STATE_ID,NAME) values (440,2,'Mrocza');
Insert into "MPFACTORY"."CITY" (ID,STATE_ID,NAME) values (441,7,'Mszana Dolna');
Insert into "MPFACTORY"."CITY" (ID,STATE_ID,NAME) values (442,6,'Mszczonów');
Insert into "MPFACTORY"."CITY" (ID,STATE_ID,NAME) values (443,15,'Murowana Goślina');
Insert into "MPFACTORY"."CITY" (ID,STATE_ID,NAME) values (444,7,'Muszyna');
Insert into "MPFACTORY"."CITY" (ID,STATE_ID,NAME) values (445,12,'Mysłowice');
Insert into "MPFACTORY"."CITY" (ID,STATE_ID,NAME) values (446,12,'Myszków');
Insert into "MPFACTORY"."CITY" (ID,STATE_ID,NAME) values (447,6,'Myszyniec');
Insert into "MPFACTORY"."CITY" (ID,STATE_ID,NAME) values (448,7,'Myślenice');
Insert into "MPFACTORY"."CITY" (ID,STATE_ID,NAME) values (449,16,'Myślibórz');
Insert into "MPFACTORY"."CITY" (ID,STATE_ID,NAME) values (450,2,'Nakło nad Notecią');
Insert into "MPFACTORY"."CITY" (ID,STATE_ID,NAME) values (451,3,'Nałęczów');
Insert into "MPFACTORY"."CITY" (ID,STATE_ID,NAME) values (452,8,'Namysłów');
Insert into "MPFACTORY"."CITY" (ID,STATE_ID,NAME) values (453,9,'Narol');
Insert into "MPFACTORY"."CITY" (ID,STATE_ID,NAME) values (454,6,'Nasielsk');
Insert into "MPFACTORY"."CITY" (ID,STATE_ID,NAME) values (455,15,'Nekla');
Insert into "MPFACTORY"."CITY" (ID,STATE_ID,NAME) values (456,14,'Nidzica');
Insert into "MPFACTORY"."CITY" (ID,STATE_ID,NAME) values (457,1,'Niemcza');
Insert into "MPFACTORY"."CITY" (ID,STATE_ID,NAME) values (458,8,'Niemodlin');
Insert into "MPFACTORY"."CITY" (ID,STATE_ID,NAME) values (459,7,'Niepołomice');
Insert into "MPFACTORY"."CITY" (ID,STATE_ID,NAME) values (460,2,'Nieszawa');
Insert into "MPFACTORY"."CITY" (ID,STATE_ID,NAME) values (461,9,'Nisko');
Insert into "MPFACTORY"."CITY" (ID,STATE_ID,NAME) values (462,9,'Nowa Dęba');
Insert into "MPFACTORY"."CITY" (ID,STATE_ID,NAME) values (463,1,'Nowa Ruda');
Insert into "MPFACTORY"."CITY" (ID,STATE_ID,NAME) values (464,9,'Nowa Sarzyna');
Insert into "MPFACTORY"."CITY" (ID,STATE_ID,NAME) values (465,4,'Nowa Sól');
Insert into "MPFACTORY"."CITY" (ID,STATE_ID,NAME) values (466,2,'Nowe');
Insert into "MPFACTORY"."CITY" (ID,STATE_ID,NAME) values (467,7,'Nowe Brzesko');
Insert into "MPFACTORY"."CITY" (ID,STATE_ID,NAME) values (468,4,'Nowe Miasteczko');
Insert into "MPFACTORY"."CITY" (ID,STATE_ID,NAME) values (469,14,'Nowe Miasto Lubawskie');
Insert into "MPFACTORY"."CITY" (ID,STATE_ID,NAME) values (470,6,'Nowe Miasto nad Pilicą');
Insert into "MPFACTORY"."CITY" (ID,STATE_ID,NAME) values (471,15,'Nowe Skalmierzyce');
Insert into "MPFACTORY"."CITY" (ID,STATE_ID,NAME) values (472,16,'Nowe Warpno');
Insert into "MPFACTORY"."CITY" (ID,STATE_ID,NAME) values (473,16,'Nowogard');
Insert into "MPFACTORY"."CITY" (ID,STATE_ID,NAME) values (474,1,'Nowogrodziec');
Insert into "MPFACTORY"."CITY" (ID,STATE_ID,NAME) values (475,10,'Nowogród');
Insert into "MPFACTORY"."CITY" (ID,STATE_ID,NAME) values (476,4,'Nowogród Bobrzański');
Insert into "MPFACTORY"."CITY" (ID,STATE_ID,NAME) values (477,11,'Nowy Dwór Gdański');
Insert into "MPFACTORY"."CITY" (ID,STATE_ID,NAME) values (478,6,'Nowy Dwór Mazowiecki');
Insert into "MPFACTORY"."CITY" (ID,STATE_ID,NAME) values (479,7,'Nowy Sącz');
Insert into "MPFACTORY"."CITY" (ID,STATE_ID,NAME) values (480,11,'Nowy Staw');
Insert into "MPFACTORY"."CITY" (ID,STATE_ID,NAME) values (481,7,'Nowy Targ');
Insert into "MPFACTORY"."CITY" (ID,STATE_ID,NAME) values (482,15,'Nowy Tomyśl');
Insert into "MPFACTORY"."CITY" (ID,STATE_ID,NAME) values (483,7,'Nowy Wiśnicz');
Insert into "MPFACTORY"."CITY" (ID,STATE_ID,NAME) values (484,8,'Nysa');
Insert into "MPFACTORY"."CITY" (ID,STATE_ID,NAME) values (485,15,'Oborniki');
Insert into "MPFACTORY"."CITY" (ID,STATE_ID,NAME) values (486,1,'Oborniki Śląskie');
Insert into "MPFACTORY"."CITY" (ID,STATE_ID,NAME) values (487,15,'Obrzycko');
Insert into "MPFACTORY"."CITY" (ID,STATE_ID,NAME) values (488,15,'Odolanów');
Insert into "MPFACTORY"."CITY" (ID,STATE_ID,NAME) values (489,12,'Ogrodzieniec');
Insert into "MPFACTORY"."CITY" (ID,STATE_ID,NAME) values (490,15,'Okonek');
Insert into "MPFACTORY"."CITY" (ID,STATE_ID,NAME) values (491,14,'Olecko');
Insert into "MPFACTORY"."CITY" (ID,STATE_ID,NAME) values (492,8,'Olesno');
Insert into "MPFACTORY"."CITY" (ID,STATE_ID,NAME) values (493,9,'Oleszyce');
Insert into "MPFACTORY"."CITY" (ID,STATE_ID,NAME) values (494,1,'Oleśnica');
Insert into "MPFACTORY"."CITY" (ID,STATE_ID,NAME) values (495,7,'Olkusz');
Insert into "MPFACTORY"."CITY" (ID,STATE_ID,NAME) values (496,14,'Olsztyn');
Insert into "MPFACTORY"."CITY" (ID,STATE_ID,NAME) values (497,14,'Olsztynek');
Insert into "MPFACTORY"."CITY" (ID,STATE_ID,NAME) values (498,1,'Olszyna');
Insert into "MPFACTORY"."CITY" (ID,STATE_ID,NAME) values (499,1,'Oława');
Insert into "MPFACTORY"."CITY" (ID,STATE_ID,NAME) values (500,15,'Opalenica');
Insert into "MPFACTORY"."CITY" (ID,STATE_ID,NAME) values (501,13,'Opatów');
Insert into "MPFACTORY"."CITY" (ID,STATE_ID,NAME) values (502,5,'Opoczno');
Insert into "MPFACTORY"."CITY" (ID,STATE_ID,NAME) values (503,8,'Opole');
Insert into "MPFACTORY"."CITY" (ID,STATE_ID,NAME) values (504,3,'Opole Lubelskie');
Insert into "MPFACTORY"."CITY" (ID,STATE_ID,NAME) values (505,14,'Orneta');
Insert into "MPFACTORY"."CITY" (ID,STATE_ID,NAME) values (506,12,'Orzesze');
Insert into "MPFACTORY"."CITY" (ID,STATE_ID,NAME) values (507,14,'Orzysz');
Insert into "MPFACTORY"."CITY" (ID,STATE_ID,NAME) values (508,15,'Osieczna');
Insert into "MPFACTORY"."CITY" (ID,STATE_ID,NAME) values (509,13,'Osiek');
Insert into "MPFACTORY"."CITY" (ID,STATE_ID,NAME) values (510,6,'Ostrołęka');
Insert into "MPFACTORY"."CITY" (ID,STATE_ID,NAME) values (511,15,'Ostroróg');
Insert into "MPFACTORY"."CITY" (ID,STATE_ID,NAME) values (512,13,'Ostrowiec Świętokrzyski');
Insert into "MPFACTORY"."CITY" (ID,STATE_ID,NAME) values (513,14,'Ostróda');
Insert into "MPFACTORY"."CITY" (ID,STATE_ID,NAME) values (514,3,'Ostrów Lubelski');
Insert into "MPFACTORY"."CITY" (ID,STATE_ID,NAME) values (515,6,'Ostrów Mazowiecka');
Insert into "MPFACTORY"."CITY" (ID,STATE_ID,NAME) values (516,15,'Ostrów Wielkopolski');
Insert into "MPFACTORY"."CITY" (ID,STATE_ID,NAME) values (517,15,'Ostrzeszów');
Insert into "MPFACTORY"."CITY" (ID,STATE_ID,NAME) values (518,4,'Ośno Lubuskie');
Insert into "MPFACTORY"."CITY" (ID,STATE_ID,NAME) values (519,7,'Oświęcim');
Insert into "MPFACTORY"."CITY" (ID,STATE_ID,NAME) values (520,8,'Otmuchów');
Insert into "MPFACTORY"."CITY" (ID,STATE_ID,NAME) values (521,6,'Otwock');
Insert into "MPFACTORY"."CITY" (ID,STATE_ID,NAME) values (522,8,'Ozimek');
Insert into "MPFACTORY"."CITY" (ID,STATE_ID,NAME) values (523,5,'Ozorków');
Insert into "MPFACTORY"."CITY" (ID,STATE_ID,NAME) values (524,13,'Ożarów');
Insert into "MPFACTORY"."CITY" (ID,STATE_ID,NAME) values (525,6,'Ożarów Mazowiecki');
Insert into "MPFACTORY"."CITY" (ID,STATE_ID,NAME) values (526,5,'Pabianice');
Insert into "MPFACTORY"."CITY" (ID,STATE_ID,NAME) values (527,8,'Paczków');
Insert into "MPFACTORY"."CITY" (ID,STATE_ID,NAME) values (528,5,'Pajęczno');
Insert into "MPFACTORY"."CITY" (ID,STATE_ID,NAME) values (529,2,'Pakość');
Insert into "MPFACTORY"."CITY" (ID,STATE_ID,NAME) values (530,3,'Parczew');
Insert into "MPFACTORY"."CITY" (ID,STATE_ID,NAME) values (531,14,'Pasłęk');
Insert into "MPFACTORY"."CITY" (ID,STATE_ID,NAME) values (532,14,'Pasym');
Insert into "MPFACTORY"."CITY" (ID,STATE_ID,NAME) values (533,11,'Pelplin');
Insert into "MPFACTORY"."CITY" (ID,STATE_ID,NAME) values (534,16,'Pełczyce');
Insert into "MPFACTORY"."CITY" (ID,STATE_ID,NAME) values (535,6,'Piaseczno');
Insert into "MPFACTORY"."CITY" (ID,STATE_ID,NAME) values (536,3,'Piaski');
Insert into "MPFACTORY"."CITY" (ID,STATE_ID,NAME) values (537,6,'Piastów');
Insert into "MPFACTORY"."CITY" (ID,STATE_ID,NAME) values (538,1,'Piechowice');
Insert into "MPFACTORY"."CITY" (ID,STATE_ID,NAME) values (539,12,'Piekary Śląskie');
Insert into "MPFACTORY"."CITY" (ID,STATE_ID,NAME) values (540,14,'Pieniężno');
Insert into "MPFACTORY"."CITY" (ID,STATE_ID,NAME) values (541,1,'Pieńsk');
Insert into "MPFACTORY"."CITY" (ID,STATE_ID,NAME) values (542,1,'Pieszyce');
Insert into "MPFACTORY"."CITY" (ID,STATE_ID,NAME) values (543,6,'Pilawa');
Insert into "MPFACTORY"."CITY" (ID,STATE_ID,NAME) values (544,12,'Pilica');
Insert into "MPFACTORY"."CITY" (ID,STATE_ID,NAME) values (545,9,'Pilzno');
Insert into "MPFACTORY"."CITY" (ID,STATE_ID,NAME) values (546,15,'Piła');
Insert into "MPFACTORY"."CITY" (ID,STATE_ID,NAME) values (547,1,'Piława Górna');
Insert into "MPFACTORY"."CITY" (ID,STATE_ID,NAME) values (548,13,'Pińczów');
Insert into "MPFACTORY"."CITY" (ID,STATE_ID,NAME) values (549,6,'Pionki');
Insert into "MPFACTORY"."CITY" (ID,STATE_ID,NAME) values (550,2,'Piotrków Kujawski');
Insert into "MPFACTORY"."CITY" (ID,STATE_ID,NAME) values (551,5,'Piotrków Trybunalski');
Insert into "MPFACTORY"."CITY" (ID,STATE_ID,NAME) values (552,14,'Pisz');
Insert into "MPFACTORY"."CITY" (ID,STATE_ID,NAME) values (553,7,'Piwniczna-Zdrój');
Insert into "MPFACTORY"."CITY" (ID,STATE_ID,NAME) values (554,15,'Pleszew');
Insert into "MPFACTORY"."CITY" (ID,STATE_ID,NAME) values (555,6,'Płock');
Insert into "MPFACTORY"."CITY" (ID,STATE_ID,NAME) values (556,6,'Płońsk');
Insert into "MPFACTORY"."CITY" (ID,STATE_ID,NAME) values (557,16,'Płoty');
Insert into "MPFACTORY"."CITY" (ID,STATE_ID,NAME) values (558,15,'Pniewy');
Insert into "MPFACTORY"."CITY" (ID,STATE_ID,NAME) values (559,15,'Pobiedziska');
Insert into "MPFACTORY"."CITY" (ID,STATE_ID,NAME) values (560,5,'Poddębice');
Insert into "MPFACTORY"."CITY" (ID,STATE_ID,NAME) values (561,6,'Podkowa Leśna');
Insert into "MPFACTORY"."CITY" (ID,STATE_ID,NAME) values (562,15,'Pogorzela');
Insert into "MPFACTORY"."CITY" (ID,STATE_ID,NAME) values (563,1,'Polanica-Zdrój');
Insert into "MPFACTORY"."CITY" (ID,STATE_ID,NAME) values (564,16,'Polanów');
Insert into "MPFACTORY"."CITY" (ID,STATE_ID,NAME) values (565,16,'Police');
Insert into "MPFACTORY"."CITY" (ID,STATE_ID,NAME) values (566,1,'Polkowice');
Insert into "MPFACTORY"."CITY" (ID,STATE_ID,NAME) values (567,13,'Połaniec');
Insert into "MPFACTORY"."CITY" (ID,STATE_ID,NAME) values (568,16,'Połczyn-Zdrój');
Insert into "MPFACTORY"."CITY" (ID,STATE_ID,NAME) values (569,3,'Poniatowa');
Insert into "MPFACTORY"."CITY" (ID,STATE_ID,NAME) values (570,15,'Poniec');
Insert into "MPFACTORY"."CITY" (ID,STATE_ID,NAME) values (571,12,'Poręba');
Insert into "MPFACTORY"."CITY" (ID,STATE_ID,NAME) values (572,15,'Poznań');
Insert into "MPFACTORY"."CITY" (ID,STATE_ID,NAME) values (573,11,'Prabuty');
Insert into "MPFACTORY"."CITY" (ID,STATE_ID,NAME) values (574,8,'Praszka');
Insert into "MPFACTORY"."CITY" (ID,STATE_ID,NAME) values (575,1,'Prochowice');
Insert into "MPFACTORY"."CITY" (ID,STATE_ID,NAME) values (576,7,'Proszowice');
Insert into "MPFACTORY"."CITY" (ID,STATE_ID,NAME) values (577,8,'Prószków');
Insert into "MPFACTORY"."CITY" (ID,STATE_ID,NAME) values (578,9,'Pruchnik');
Insert into "MPFACTORY"."CITY" (ID,STATE_ID,NAME) values (579,8,'Prudnik');
Insert into "MPFACTORY"."CITY" (ID,STATE_ID,NAME) values (580,1,'Prusice');
Insert into "MPFACTORY"."CITY" (ID,STATE_ID,NAME) values (581,11,'Pruszcz Gdański');
Insert into "MPFACTORY"."CITY" (ID,STATE_ID,NAME) values (582,6,'Pruszków');
Insert into "MPFACTORY"."CITY" (ID,STATE_ID,NAME) values (583,6,'Przasnysz');
Insert into "MPFACTORY"."CITY" (ID,STATE_ID,NAME) values (584,9,'Przecław');
Insert into "MPFACTORY"."CITY" (ID,STATE_ID,NAME) values (585,5,'Przedbórz');
Insert into "MPFACTORY"."CITY" (ID,STATE_ID,NAME) values (586,15,'Przedecz');
Insert into "MPFACTORY"."CITY" (ID,STATE_ID,NAME) values (587,1,'Przemków');
Insert into "MPFACTORY"."CITY" (ID,STATE_ID,NAME) values (588,9,'Przemyśl');
Insert into "MPFACTORY"."CITY" (ID,STATE_ID,NAME) values (589,9,'Przeworsk');
Insert into "MPFACTORY"."CITY" (ID,STATE_ID,NAME) values (590,6,'Przysucha');
Insert into "MPFACTORY"."CITY" (ID,STATE_ID,NAME) values (591,12,'Pszczyna');
Insert into "MPFACTORY"."CITY" (ID,STATE_ID,NAME) values (592,12,'Pszów');
Insert into "MPFACTORY"."CITY" (ID,STATE_ID,NAME) values (593,11,'Puck');
Insert into "MPFACTORY"."CITY" (ID,STATE_ID,NAME) values (594,3,'Puławy');
Insert into "MPFACTORY"."CITY" (ID,STATE_ID,NAME) values (595,6,'Pułtusk');
Insert into "MPFACTORY"."CITY" (ID,STATE_ID,NAME) values (596,15,'Puszczykowo');
Insert into "MPFACTORY"."CITY" (ID,STATE_ID,NAME) values (597,16,'Pyrzyce');
Insert into "MPFACTORY"."CITY" (ID,STATE_ID,NAME) values (598,12,'Pyskowice');
Insert into "MPFACTORY"."CITY" (ID,STATE_ID,NAME) values (599,15,'Pyzdry');
Insert into "MPFACTORY"."CITY" (ID,STATE_ID,NAME) values (600,7,'Rabka-Zdrój');
Insert into "MPFACTORY"."CITY" (ID,STATE_ID,NAME) values (601,6,'Raciąż');
Insert into "MPFACTORY"."CITY" (ID,STATE_ID,NAME) values (602,12,'Racibórz');
Insert into "MPFACTORY"."CITY" (ID,STATE_ID,NAME) values (603,1,'Radków');
Insert into "MPFACTORY"."CITY" (ID,STATE_ID,NAME) values (604,12,'Radlin');
Insert into "MPFACTORY"."CITY" (ID,STATE_ID,NAME) values (605,7,'Radłów');
Insert into "MPFACTORY"."CITY" (ID,STATE_ID,NAME) values (606,6,'Radom');
Insert into "MPFACTORY"."CITY" (ID,STATE_ID,NAME) values (607,5,'Radomsko');
Insert into "MPFACTORY"."CITY" (ID,STATE_ID,NAME) values (608,9,'Radomyśl Wielki');
Insert into "MPFACTORY"."CITY" (ID,STATE_ID,NAME) values (609,9,'Radymno');
Insert into "MPFACTORY"."CITY" (ID,STATE_ID,NAME) values (610,2,'Radziejów');
Insert into "MPFACTORY"."CITY" (ID,STATE_ID,NAME) values (611,12,'Radzionków');
Insert into "MPFACTORY"."CITY" (ID,STATE_ID,NAME) values (612,6,'Radzymin');
Insert into "MPFACTORY"."CITY" (ID,STATE_ID,NAME) values (613,2,'Radzyń Chełmiński');
Insert into "MPFACTORY"."CITY" (ID,STATE_ID,NAME) values (614,3,'Radzyń Podlaski');
Insert into "MPFACTORY"."CITY" (ID,STATE_ID,NAME) values (615,10,'Rajgród');
Insert into "MPFACTORY"."CITY" (ID,STATE_ID,NAME) values (616,15,'Rakoniewice');
Insert into "MPFACTORY"."CITY" (ID,STATE_ID,NAME) values (617,15,'Raszków');
Insert into "MPFACTORY"."CITY" (ID,STATE_ID,NAME) values (618,5,'Rawa Mazowiecka');
Insert into "MPFACTORY"."CITY" (ID,STATE_ID,NAME) values (619,15,'Rawicz');
Insert into "MPFACTORY"."CITY" (ID,STATE_ID,NAME) values (620,16,'Recz');
Insert into "MPFACTORY"."CITY" (ID,STATE_ID,NAME) values (621,11,'Reda');
Insert into "MPFACTORY"."CITY" (ID,STATE_ID,NAME) values (622,3,'Rejowiec Fabryczny');
Insert into "MPFACTORY"."CITY" (ID,STATE_ID,NAME) values (623,16,'Resko');
Insert into "MPFACTORY"."CITY" (ID,STATE_ID,NAME) values (624,14,'Reszel');
Insert into "MPFACTORY"."CITY" (ID,STATE_ID,NAME) values (625,15,'Rogoźno');
Insert into "MPFACTORY"."CITY" (ID,STATE_ID,NAME) values (626,9,'Ropczyce');
Insert into "MPFACTORY"."CITY" (ID,STATE_ID,NAME) values (627,6,'Różan');
Insert into "MPFACTORY"."CITY" (ID,STATE_ID,NAME) values (628,14,'Ruciane-Nida');
Insert into "MPFACTORY"."CITY" (ID,STATE_ID,NAME) values (629,12,'Ruda Śląska');
Insert into "MPFACTORY"."CITY" (ID,STATE_ID,NAME) values (630,9,'Rudnik nad Sanem');
Insert into "MPFACTORY"."CITY" (ID,STATE_ID,NAME) values (631,11,'Rumia');
Insert into "MPFACTORY"."CITY" (ID,STATE_ID,NAME) values (632,12,'Rybnik');
Insert into "MPFACTORY"."CITY" (ID,STATE_ID,NAME) values (633,15,'Rychwał');
Insert into "MPFACTORY"."CITY" (ID,STATE_ID,NAME) values (634,12,'Rydułtowy');
Insert into "MPFACTORY"."CITY" (ID,STATE_ID,NAME) values (635,15,'Rydzyna');
Insert into "MPFACTORY"."CITY" (ID,STATE_ID,NAME) values (636,7,'Ryglice');
Insert into "MPFACTORY"."CITY" (ID,STATE_ID,NAME) values (637,3,'Ryki');
Insert into "MPFACTORY"."CITY" (ID,STATE_ID,NAME) values (638,9,'Rymanów');
Insert into "MPFACTORY"."CITY" (ID,STATE_ID,NAME) values (639,14,'Ryn');
Insert into "MPFACTORY"."CITY" (ID,STATE_ID,NAME) values (640,2,'Rypin');
Insert into "MPFACTORY"."CITY" (ID,STATE_ID,NAME) values (641,4,'Rzepin');
Insert into "MPFACTORY"."CITY" (ID,STATE_ID,NAME) values (642,9,'Rzeszów');
Insert into "MPFACTORY"."CITY" (ID,STATE_ID,NAME) values (643,5,'Rzgów');
Insert into "MPFACTORY"."CITY" (ID,STATE_ID,NAME) values (644,13,'Sandomierz');
Insert into "MPFACTORY"."CITY" (ID,STATE_ID,NAME) values (645,9,'Sanok');
Insert into "MPFACTORY"."CITY" (ID,STATE_ID,NAME) values (646,10,'Sejny');
Insert into "MPFACTORY"."CITY" (ID,STATE_ID,NAME) values (647,6,'Serock');
Insert into "MPFACTORY"."CITY" (ID,STATE_ID,NAME) values (648,13,'Sędziszów');
Insert into "MPFACTORY"."CITY" (ID,STATE_ID,NAME) values (649,9,'Sędziszów Małopolski');
Insert into "MPFACTORY"."CITY" (ID,STATE_ID,NAME) values (650,14,'Sępopol');
Insert into "MPFACTORY"."CITY" (ID,STATE_ID,NAME) values (651,2,'Sępólno Krajeńskie');
Insert into "MPFACTORY"."CITY" (ID,STATE_ID,NAME) values (652,16,'Sianów');
Insert into "MPFACTORY"."CITY" (ID,STATE_ID,NAME) values (653,1,'Siechnice');
Insert into "MPFACTORY"."CITY" (ID,STATE_ID,NAME) values (654,6,'Siedlce');
Insert into "MPFACTORY"."CITY" (ID,STATE_ID,NAME) values (655,12,'Siemianowice Śląskie');
Insert into "MPFACTORY"."CITY" (ID,STATE_ID,NAME) values (656,10,'Siemiatycze');
Insert into "MPFACTORY"."CITY" (ID,STATE_ID,NAME) values (657,9,'Sieniawa');
Insert into "MPFACTORY"."CITY" (ID,STATE_ID,NAME) values (658,5,'Sieradz');
Insert into "MPFACTORY"."CITY" (ID,STATE_ID,NAME) values (659,15,'Sieraków');
Insert into "MPFACTORY"."CITY" (ID,STATE_ID,NAME) values (660,6,'Sierpc');
Insert into "MPFACTORY"."CITY" (ID,STATE_ID,NAME) values (661,12,'Siewierz');
Insert into "MPFACTORY"."CITY" (ID,STATE_ID,NAME) values (662,13,'Skalbmierz');
Insert into "MPFACTORY"."CITY" (ID,STATE_ID,NAME) values (663,7,'Skała');
Insert into "MPFACTORY"."CITY" (ID,STATE_ID,NAME) values (664,11,'Skarszewy');
Insert into "MPFACTORY"."CITY" (ID,STATE_ID,NAME) values (665,6,'Skaryszew');
Insert into "MPFACTORY"."CITY" (ID,STATE_ID,NAME) values (666,13,'Skarżysko-Kamienna');
Insert into "MPFACTORY"."CITY" (ID,STATE_ID,NAME) values (667,7,'Skawina');
Insert into "MPFACTORY"."CITY" (ID,STATE_ID,NAME) values (668,2,'Skępe');
Insert into "MPFACTORY"."CITY" (ID,STATE_ID,NAME) values (669,5,'Skierniewice');
Insert into "MPFACTORY"."CITY" (ID,STATE_ID,NAME) values (670,12,'Skoczów');
Insert into "MPFACTORY"."CITY" (ID,STATE_ID,NAME) values (671,15,'Skoki');
Insert into "MPFACTORY"."CITY" (ID,STATE_ID,NAME) values (672,11,'Skórcz');
Insert into "MPFACTORY"."CITY" (ID,STATE_ID,NAME) values (673,4,'Skwierzyna');
Insert into "MPFACTORY"."CITY" (ID,STATE_ID,NAME) values (674,4,'Sława');
Insert into "MPFACTORY"."CITY" (ID,STATE_ID,NAME) values (675,12,'Sławków');
Insert into "MPFACTORY"."CITY" (ID,STATE_ID,NAME) values (676,16,'Sławno');
Insert into "MPFACTORY"."CITY" (ID,STATE_ID,NAME) values (677,7,'Słomniki');
Insert into "MPFACTORY"."CITY" (ID,STATE_ID,NAME) values (678,4,'Słubice');
Insert into "MPFACTORY"."CITY" (ID,STATE_ID,NAME) values (679,15,'Słupca');
Insert into "MPFACTORY"."CITY" (ID,STATE_ID,NAME) values (680,11,'Słupsk');
Insert into "MPFACTORY"."CITY" (ID,STATE_ID,NAME) values (681,1,'Sobótka');
Insert into "MPFACTORY"."CITY" (ID,STATE_ID,NAME) values (682,6,'Sochaczew');
Insert into "MPFACTORY"."CITY" (ID,STATE_ID,NAME) values (683,9,'Sokołów Małopolski');
Insert into "MPFACTORY"."CITY" (ID,STATE_ID,NAME) values (684,6,'Sokołów Podlaski');
Insert into "MPFACTORY"."CITY" (ID,STATE_ID,NAME) values (685,10,'Sokółka');
Insert into "MPFACTORY"."CITY" (ID,STATE_ID,NAME) values (686,2,'Solec Kujawski');
Insert into "MPFACTORY"."CITY" (ID,STATE_ID,NAME) values (687,15,'Sompolno');
Insert into "MPFACTORY"."CITY" (ID,STATE_ID,NAME) values (688,11,'Sopot');
Insert into "MPFACTORY"."CITY" (ID,STATE_ID,NAME) values (689,12,'Sosnowiec');
Insert into "MPFACTORY"."CITY" (ID,STATE_ID,NAME) values (690,12,'Sośnicowice');
Insert into "MPFACTORY"."CITY" (ID,STATE_ID,NAME) values (691,9,'Stalowa Wola');
Insert into "MPFACTORY"."CITY" (ID,STATE_ID,NAME) values (692,13,'Starachowice');
Insert into "MPFACTORY"."CITY" (ID,STATE_ID,NAME) values (693,16,'Stargard Szczeciński');
Insert into "MPFACTORY"."CITY" (ID,STATE_ID,NAME) values (694,11,'Starogard Gdański');
Insert into "MPFACTORY"."CITY" (ID,STATE_ID,NAME) values (695,7,'Stary Sącz');
Insert into "MPFACTORY"."CITY" (ID,STATE_ID,NAME) values (696,13,'Staszów');
Insert into "MPFACTORY"."CITY" (ID,STATE_ID,NAME) values (697,10,'Stawiski');
Insert into "MPFACTORY"."CITY" (ID,STATE_ID,NAME) values (698,15,'Stawiszyn');
Insert into "MPFACTORY"."CITY" (ID,STATE_ID,NAME) values (699,13,'Stąporków');
Insert into "MPFACTORY"."CITY" (ID,STATE_ID,NAME) values (700,15,'Stęszew');
Insert into "MPFACTORY"."CITY" (ID,STATE_ID,NAME) values (701,3,'Stoczek Łukowski');
Insert into "MPFACTORY"."CITY" (ID,STATE_ID,NAME) values (702,1,'Stronie Śląskie');
Insert into "MPFACTORY"."CITY" (ID,STATE_ID,NAME) values (703,12,'Strumień');
Insert into "MPFACTORY"."CITY" (ID,STATE_ID,NAME) values (704,5,'Stryków');
Insert into "MPFACTORY"."CITY" (ID,STATE_ID,NAME) values (705,1,'Strzegom');
Insert into "MPFACTORY"."CITY" (ID,STATE_ID,NAME) values (706,4,'Strzelce Krajeńskie');
Insert into "MPFACTORY"."CITY" (ID,STATE_ID,NAME) values (707,8,'Strzelce Opolskie');
Insert into "MPFACTORY"."CITY" (ID,STATE_ID,NAME) values (708,1,'Strzelin');
Insert into "MPFACTORY"."CITY" (ID,STATE_ID,NAME) values (709,2,'Strzelno');
Insert into "MPFACTORY"."CITY" (ID,STATE_ID,NAME) values (710,9,'Strzyżów');
Insert into "MPFACTORY"."CITY" (ID,STATE_ID,NAME) values (711,7,'Sucha Beskidzka');
Insert into "MPFACTORY"."CITY" (ID,STATE_ID,NAME) values (712,16,'Suchań');
Insert into "MPFACTORY"."CITY" (ID,STATE_ID,NAME) values (713,13,'Suchedniów');
Insert into "MPFACTORY"."CITY" (ID,STATE_ID,NAME) values (714,10,'Suchowola');
Insert into "MPFACTORY"."CITY" (ID,STATE_ID,NAME) values (715,4,'Sulechów');
Insert into "MPFACTORY"."CITY" (ID,STATE_ID,NAME) values (716,5,'Sulejów');
Insert into "MPFACTORY"."CITY" (ID,STATE_ID,NAME) values (717,6,'Sulejówek');
Insert into "MPFACTORY"."CITY" (ID,STATE_ID,NAME) values (718,4,'Sulęcin');
Insert into "MPFACTORY"."CITY" (ID,STATE_ID,NAME) values (719,15,'Sulmierzyce');
Insert into "MPFACTORY"."CITY" (ID,STATE_ID,NAME) values (720,7,'Sułkowice');
Insert into "MPFACTORY"."CITY" (ID,STATE_ID,NAME) values (721,10,'Supraśl');
Insert into "MPFACTORY"."CITY" (ID,STATE_ID,NAME) values (722,10,'Suraż');
Insert into "MPFACTORY"."CITY" (ID,STATE_ID,NAME) values (723,14,'Susz');
Insert into "MPFACTORY"."CITY" (ID,STATE_ID,NAME) values (724,10,'Suwałki');
Insert into "MPFACTORY"."CITY" (ID,STATE_ID,NAME) values (725,15,'Swarzędz');
Insert into "MPFACTORY"."CITY" (ID,STATE_ID,NAME) values (726,1,'Syców');
Insert into "MPFACTORY"."CITY" (ID,STATE_ID,NAME) values (727,5,'Szadek');
Insert into "MPFACTORY"."CITY" (ID,STATE_ID,NAME) values (728,15,'Szamocin');
Insert into "MPFACTORY"."CITY" (ID,STATE_ID,NAME) values (729,15,'Szamotuły');
Insert into "MPFACTORY"."CITY" (ID,STATE_ID,NAME) values (730,7,'Szczawnica');
Insert into "MPFACTORY"."CITY" (ID,STATE_ID,NAME) values (731,1,'Szczawno-Zdrój');
Insert into "MPFACTORY"."CITY" (ID,STATE_ID,NAME) values (732,3,'Szczebrzeszyn');
Insert into "MPFACTORY"."CITY" (ID,STATE_ID,NAME) values (733,16,'Szczecin');
Insert into "MPFACTORY"."CITY" (ID,STATE_ID,NAME) values (734,16,'Szczecinek');
Insert into "MPFACTORY"."CITY" (ID,STATE_ID,NAME) values (735,12,'Szczekociny');
Insert into "MPFACTORY"."CITY" (ID,STATE_ID,NAME) values (736,7,'Szczucin');
Insert into "MPFACTORY"."CITY" (ID,STATE_ID,NAME) values (737,10,'Szczuczyn');
Insert into "MPFACTORY"."CITY" (ID,STATE_ID,NAME) values (738,12,'Szczyrk');
Insert into "MPFACTORY"."CITY" (ID,STATE_ID,NAME) values (739,1,'Szczytna');
Insert into "MPFACTORY"."CITY" (ID,STATE_ID,NAME) values (740,14,'Szczytno');
Insert into "MPFACTORY"."CITY" (ID,STATE_ID,NAME) values (741,10,'Szepietowo');
Insert into "MPFACTORY"."CITY" (ID,STATE_ID,NAME) values (742,1,'Szklarska Poręba');
Insert into "MPFACTORY"."CITY" (ID,STATE_ID,NAME) values (743,4,'Szlichtyngowa');
Insert into "MPFACTORY"."CITY" (ID,STATE_ID,NAME) values (744,4,'Szprotawa');
Insert into "MPFACTORY"."CITY" (ID,STATE_ID,NAME) values (745,11,'Sztum');
Insert into "MPFACTORY"."CITY" (ID,STATE_ID,NAME) values (746,2,'Szubin');
Insert into "MPFACTORY"."CITY" (ID,STATE_ID,NAME) values (747,6,'Szydłowiec');
Insert into "MPFACTORY"."CITY" (ID,STATE_ID,NAME) values (748,1,'Ścinawa');
Insert into "MPFACTORY"."CITY" (ID,STATE_ID,NAME) values (749,15,'Ślesin');
Insert into "MPFACTORY"."CITY" (ID,STATE_ID,NAME) values (750,15,'Śmigiel');
Insert into "MPFACTORY"."CITY" (ID,STATE_ID,NAME) values (751,15,'Śrem');
Insert into "MPFACTORY"."CITY" (ID,STATE_ID,NAME) values (752,1,'Środa Śląska');
Insert into "MPFACTORY"."CITY" (ID,STATE_ID,NAME) values (753,15,'Środa Wielkopolska');
Insert into "MPFACTORY"."CITY" (ID,STATE_ID,NAME) values (754,7,'Świątniki Górne');
Insert into "MPFACTORY"."CITY" (ID,STATE_ID,NAME) values (755,1,'Świdnica');
Insert into "MPFACTORY"."CITY" (ID,STATE_ID,NAME) values (756,3,'Świdnik');
Insert into "MPFACTORY"."CITY" (ID,STATE_ID,NAME) values (757,16,'Świdwin');
Insert into "MPFACTORY"."CITY" (ID,STATE_ID,NAME) values (758,1,'Świebodzice');
Insert into "MPFACTORY"."CITY" (ID,STATE_ID,NAME) values (759,4,'Świebodzin');
Insert into "MPFACTORY"."CITY" (ID,STATE_ID,NAME) values (760,2,'Świecie');
Insert into "MPFACTORY"."CITY" (ID,STATE_ID,NAME) values (761,1,'Świeradów-Zdrój');
Insert into "MPFACTORY"."CITY" (ID,STATE_ID,NAME) values (762,1,'Świerzawa');
Insert into "MPFACTORY"."CITY" (ID,STATE_ID,NAME) values (763,12,'Świętochłowice');
Insert into "MPFACTORY"."CITY" (ID,STATE_ID,NAME) values (764,16,'Świnoujście');
Insert into "MPFACTORY"."CITY" (ID,STATE_ID,NAME) values (765,6,'Tarczyn');
Insert into "MPFACTORY"."CITY" (ID,STATE_ID,NAME) values (766,9,'Tarnobrzeg');
Insert into "MPFACTORY"."CITY" (ID,STATE_ID,NAME) values (767,3,'Tarnogród');
Insert into "MPFACTORY"."CITY" (ID,STATE_ID,NAME) values (768,12,'Tarnowskie Góry');
Insert into "MPFACTORY"."CITY" (ID,STATE_ID,NAME) values (769,7,'Tarnów');
Insert into "MPFACTORY"."CITY" (ID,STATE_ID,NAME) values (770,11,'Tczew');
Insert into "MPFACTORY"."CITY" (ID,STATE_ID,NAME) values (771,3,'Terespol');
Insert into "MPFACTORY"."CITY" (ID,STATE_ID,NAME) values (772,6,'Tłuszcz');
Insert into "MPFACTORY"."CITY" (ID,STATE_ID,NAME) values (773,14,'Tolkmicko');
Insert into "MPFACTORY"."CITY" (ID,STATE_ID,NAME) values (774,3,'Tomaszów Lubelski');
Insert into "MPFACTORY"."CITY" (ID,STATE_ID,NAME) values (775,5,'Tomaszów Mazowiecki');
Insert into "MPFACTORY"."CITY" (ID,STATE_ID,NAME) values (776,2,'Toruń');
Insert into "MPFACTORY"."CITY" (ID,STATE_ID,NAME) values (777,4,'Torzym');
Insert into "MPFACTORY"."CITY" (ID,STATE_ID,NAME) values (778,12,'Toszek');
Insert into "MPFACTORY"."CITY" (ID,STATE_ID,NAME) values (779,15,'Trzcianka');
Insert into "MPFACTORY"."CITY" (ID,STATE_ID,NAME) values (780,4,'Trzciel');
Insert into "MPFACTORY"."CITY" (ID,STATE_ID,NAME) values (781,16,'Trzcińsko-Zdrój');
Insert into "MPFACTORY"."CITY" (ID,STATE_ID,NAME) values (782,16,'Trzebiatów');
Insert into "MPFACTORY"."CITY" (ID,STATE_ID,NAME) values (783,7,'Trzebinia');
Insert into "MPFACTORY"."CITY" (ID,STATE_ID,NAME) values (784,1,'Trzebnica');
Insert into "MPFACTORY"."CITY" (ID,STATE_ID,NAME) values (785,15,'Trzemeszno');
Insert into "MPFACTORY"."CITY" (ID,STATE_ID,NAME) values (786,2,'Tuchola');
Insert into "MPFACTORY"."CITY" (ID,STATE_ID,NAME) values (787,7,'Tuchów');
Insert into "MPFACTORY"."CITY" (ID,STATE_ID,NAME) values (788,16,'Tuczno');
Insert into "MPFACTORY"."CITY" (ID,STATE_ID,NAME) values (789,15,'Tuliszków');
Insert into "MPFACTORY"."CITY" (ID,STATE_ID,NAME) values (790,15,'Turek');
Insert into "MPFACTORY"."CITY" (ID,STATE_ID,NAME) values (791,5,'Tuszyn');
Insert into "MPFACTORY"."CITY" (ID,STATE_ID,NAME) values (792,1,'Twardogóra');
Insert into "MPFACTORY"."CITY" (ID,STATE_ID,NAME) values (793,16,'Tychowo');
Insert into "MPFACTORY"."CITY" (ID,STATE_ID,NAME) values (794,12,'Tychy');
Insert into "MPFACTORY"."CITY" (ID,STATE_ID,NAME) values (795,9,'Tyczyn');
Insert into "MPFACTORY"."CITY" (ID,STATE_ID,NAME) values (796,10,'Tykocin');
Insert into "MPFACTORY"."CITY" (ID,STATE_ID,NAME) values (797,3,'Tyszowce');
Insert into "MPFACTORY"."CITY" (ID,STATE_ID,NAME) values (798,8,'Ujazd');
Insert into "MPFACTORY"."CITY" (ID,STATE_ID,NAME) values (799,15,'Ujście');
Insert into "MPFACTORY"."CITY" (ID,STATE_ID,NAME) values (800,9,'Ulanów');
Insert into "MPFACTORY"."CITY" (ID,STATE_ID,NAME) values (801,5,'Uniejów');
Insert into "MPFACTORY"."CITY" (ID,STATE_ID,NAME) values (802,11,'Ustka');
Insert into "MPFACTORY"."CITY" (ID,STATE_ID,NAME) values (803,12,'Ustroń');
Insert into "MPFACTORY"."CITY" (ID,STATE_ID,NAME) values (804,9,'Ustrzyki Dolne');
Insert into "MPFACTORY"."CITY" (ID,STATE_ID,NAME) values (805,7,'Wadowice');
Insert into "MPFACTORY"."CITY" (ID,STATE_ID,NAME) values (806,1,'Wałbrzych');
Insert into "MPFACTORY"."CITY" (ID,STATE_ID,NAME) values (807,16,'Wałcz');
Insert into "MPFACTORY"."CITY" (ID,STATE_ID,NAME) values (808,6,'Warka');
Insert into "MPFACTORY"."CITY" (ID,STATE_ID,NAME) values (809,6,'Warszawa');
Insert into "MPFACTORY"."CITY" (ID,STATE_ID,NAME) values (810,5,'Warta');
Insert into "MPFACTORY"."CITY" (ID,STATE_ID,NAME) values (811,10,'Wasilków');
Insert into "MPFACTORY"."CITY" (ID,STATE_ID,NAME) values (812,2,'Wąbrzeźno');
Insert into "MPFACTORY"."CITY" (ID,STATE_ID,NAME) values (813,13,'Wąchock');
Insert into "MPFACTORY"."CITY" (ID,STATE_ID,NAME) values (814,15,'Wągrowiec');
Insert into "MPFACTORY"."CITY" (ID,STATE_ID,NAME) values (815,1,'Wąsosz');
Insert into "MPFACTORY"."CITY" (ID,STATE_ID,NAME) values (816,11,'Wejherowo');
Insert into "MPFACTORY"."CITY" (ID,STATE_ID,NAME) values (817,1,'Węgliniec');
Insert into "MPFACTORY"."CITY" (ID,STATE_ID,NAME) values (818,14,'Węgorzewo');
Insert into "MPFACTORY"."CITY" (ID,STATE_ID,NAME) values (819,16,'Węgorzyno');
Insert into "MPFACTORY"."CITY" (ID,STATE_ID,NAME) values (820,6,'Węgrów');
Insert into "MPFACTORY"."CITY" (ID,STATE_ID,NAME) values (821,1,'Wiązów');
Insert into "MPFACTORY"."CITY" (ID,STATE_ID,NAME) values (822,15,'Wieleń');
Insert into "MPFACTORY"."CITY" (ID,STATE_ID,NAME) values (823,15,'Wielichowo');
Insert into "MPFACTORY"."CITY" (ID,STATE_ID,NAME) values (824,7,'Wieliczka');
Insert into "MPFACTORY"."CITY" (ID,STATE_ID,NAME) values (825,5,'Wieluń');
Insert into "MPFACTORY"."CITY" (ID,STATE_ID,NAME) values (826,5,'Wieruszów');
Insert into "MPFACTORY"."CITY" (ID,STATE_ID,NAME) values (827,2,'Więcbork');
Insert into "MPFACTORY"."CITY" (ID,STATE_ID,NAME) values (828,12,'Wilamowice');
Insert into "MPFACTORY"."CITY" (ID,STATE_ID,NAME) values (829,12,'Wisła');
Insert into "MPFACTORY"."CITY" (ID,STATE_ID,NAME) values (830,15,'Witkowo');
Insert into "MPFACTORY"."CITY" (ID,STATE_ID,NAME) values (831,4,'Witnica');
Insert into "MPFACTORY"."CITY" (ID,STATE_ID,NAME) values (832,1,'Wleń');
Insert into "MPFACTORY"."CITY" (ID,STATE_ID,NAME) values (833,11,'Władysławowo');
Insert into "MPFACTORY"."CITY" (ID,STATE_ID,NAME) values (834,2,'Włocławek');
Insert into "MPFACTORY"."CITY" (ID,STATE_ID,NAME) values (835,3,'Włodawa');
Insert into "MPFACTORY"."CITY" (ID,STATE_ID,NAME) values (836,13,'Włoszczowa');
Insert into "MPFACTORY"."CITY" (ID,STATE_ID,NAME) values (837,12,'Wodzisław Śląski');
Insert into "MPFACTORY"."CITY" (ID,STATE_ID,NAME) values (838,1,'Wojcieszów');
Insert into "MPFACTORY"."CITY" (ID,STATE_ID,NAME) values (839,12,'Wojkowice');
Insert into "MPFACTORY"."CITY" (ID,STATE_ID,NAME) values (840,7,'Wojnicz');
Insert into "MPFACTORY"."CITY" (ID,STATE_ID,NAME) values (841,5,'Wolbórz');
Insert into "MPFACTORY"."CITY" (ID,STATE_ID,NAME) values (842,7,'Wolbrom');
Insert into "MPFACTORY"."CITY" (ID,STATE_ID,NAME) values (843,16,'Wolin');
Insert into "MPFACTORY"."CITY" (ID,STATE_ID,NAME) values (844,15,'Wolsztyn');
Insert into "MPFACTORY"."CITY" (ID,STATE_ID,NAME) values (845,8,'Wołczyn');
Insert into "MPFACTORY"."CITY" (ID,STATE_ID,NAME) values (846,6,'Wołomin');
Insert into "MPFACTORY"."CITY" (ID,STATE_ID,NAME) values (847,1,'Wołów');
Insert into "MPFACTORY"."CITY" (ID,STATE_ID,NAME) values (848,12,'Woźniki');
Insert into "MPFACTORY"."CITY" (ID,STATE_ID,NAME) values (849,1,'Wrocław');
Insert into "MPFACTORY"."CITY" (ID,STATE_ID,NAME) values (850,15,'Wronki');
Insert into "MPFACTORY"."CITY" (ID,STATE_ID,NAME) values (851,15,'Września');
Insert into "MPFACTORY"."CITY" (ID,STATE_ID,NAME) values (852,4,'Wschowa');
Insert into "MPFACTORY"."CITY" (ID,STATE_ID,NAME) values (853,15,'Wyrzysk');
Insert into "MPFACTORY"."CITY" (ID,STATE_ID,NAME) values (854,15,'Wysoka');
Insert into "MPFACTORY"."CITY" (ID,STATE_ID,NAME) values (855,10,'Wysokie Mazowieckie');
Insert into "MPFACTORY"."CITY" (ID,STATE_ID,NAME) values (856,6,'Wyszków');
Insert into "MPFACTORY"."CITY" (ID,STATE_ID,NAME) values (857,6,'Wyszogród');
Insert into "MPFACTORY"."CITY" (ID,STATE_ID,NAME) values (858,6,'Wyśmierzyce');
Insert into "MPFACTORY"."CITY" (ID,STATE_ID,NAME) values (859,10,'Zabłudów');
Insert into "MPFACTORY"."CITY" (ID,STATE_ID,NAME) values (860,12,'Zabrze');
Insert into "MPFACTORY"."CITY" (ID,STATE_ID,NAME) values (861,15,'Zagórów');
Insert into "MPFACTORY"."CITY" (ID,STATE_ID,NAME) values (862,9,'Zagórz');
Insert into "MPFACTORY"."CITY" (ID,STATE_ID,NAME) values (863,7,'Zakliczyn');
Insert into "MPFACTORY"."CITY" (ID,STATE_ID,NAME) values (864,7,'Zakopane');
Insert into "MPFACTORY"."CITY" (ID,STATE_ID,NAME) values (865,6,'Zakroczym');
Insert into "MPFACTORY"."CITY" (ID,STATE_ID,NAME) values (866,14,'Zalewo');
Insert into "MPFACTORY"."CITY" (ID,STATE_ID,NAME) values (867,10,'Zambrów');
Insert into "MPFACTORY"."CITY" (ID,STATE_ID,NAME) values (868,3,'Zamość');
Insert into "MPFACTORY"."CITY" (ID,STATE_ID,NAME) values (869,7,'Zator');
Insert into "MPFACTORY"."CITY" (ID,STATE_ID,NAME) values (870,8,'Zawadzkie');
Insert into "MPFACTORY"."CITY" (ID,STATE_ID,NAME) values (871,13,'Zawichost');
Insert into "MPFACTORY"."CITY" (ID,STATE_ID,NAME) values (872,1,'Zawidów');
Insert into "MPFACTORY"."CITY" (ID,STATE_ID,NAME) values (873,12,'Zawiercie');
Insert into "MPFACTORY"."CITY" (ID,STATE_ID,NAME) values (874,6,'Ząbki');
Insert into "MPFACTORY"."CITY" (ID,STATE_ID,NAME) values (875,1,'Ząbkowice Śląskie');
Insert into "MPFACTORY"."CITY" (ID,STATE_ID,NAME) values (876,4,'Zbąszynek');
Insert into "MPFACTORY"."CITY" (ID,STATE_ID,NAME) values (877,15,'Zbąszyń');
Insert into "MPFACTORY"."CITY" (ID,STATE_ID,NAME) values (878,15,'Zduny');
Insert into "MPFACTORY"."CITY" (ID,STATE_ID,NAME) values (879,5,'Zduńska Wola');
Insert into "MPFACTORY"."CITY" (ID,STATE_ID,NAME) values (880,8,'Zdzieszowice');
Insert into "MPFACTORY"."CITY" (ID,STATE_ID,NAME) values (881,5,'Zelów');
Insert into "MPFACTORY"."CITY" (ID,STATE_ID,NAME) values (882,5,'Zgierz');
Insert into "MPFACTORY"."CITY" (ID,STATE_ID,NAME) values (883,1,'Zgorzelec');
Insert into "MPFACTORY"."CITY" (ID,STATE_ID,NAME) values (884,4,'Zielona Góra');
Insert into "MPFACTORY"."CITY" (ID,STATE_ID,NAME) values (885,6,'Zielonka');
Insert into "MPFACTORY"."CITY" (ID,STATE_ID,NAME) values (886,1,'Ziębice');
Insert into "MPFACTORY"."CITY" (ID,STATE_ID,NAME) values (887,16,'Złocieniec');
Insert into "MPFACTORY"."CITY" (ID,STATE_ID,NAME) values (888,5,'Złoczew');
Insert into "MPFACTORY"."CITY" (ID,STATE_ID,NAME) values (889,1,'Złotoryja');
Insert into "MPFACTORY"."CITY" (ID,STATE_ID,NAME) values (890,15,'Złotów');
Insert into "MPFACTORY"."CITY" (ID,STATE_ID,NAME) values (891,1,'Złoty Stok');
Insert into "MPFACTORY"."CITY" (ID,STATE_ID,NAME) values (892,3,'Zwierzyniec');
Insert into "MPFACTORY"."CITY" (ID,STATE_ID,NAME) values (893,6,'Zwoleń');
Insert into "MPFACTORY"."CITY" (ID,STATE_ID,NAME) values (894,7,'Żabno');
Insert into "MPFACTORY"."CITY" (ID,STATE_ID,NAME) values (895,4,'Żagań');
Insert into "MPFACTORY"."CITY" (ID,STATE_ID,NAME) values (896,12,'Żarki');
Insert into "MPFACTORY"."CITY" (ID,STATE_ID,NAME) values (897,1,'Żarów');
Insert into "MPFACTORY"."CITY" (ID,STATE_ID,NAME) values (898,4,'Żary');
Insert into "MPFACTORY"."CITY" (ID,STATE_ID,NAME) values (899,6,'Żelechów');
Insert into "MPFACTORY"."CITY" (ID,STATE_ID,NAME) values (900,15,'Żerków');
Insert into "MPFACTORY"."CITY" (ID,STATE_ID,NAME) values (901,1,'Żmigród');
Insert into "MPFACTORY"."CITY" (ID,STATE_ID,NAME) values (902,2,'Żnin');
Insert into "MPFACTORY"."CITY" (ID,STATE_ID,NAME) values (903,12,'Żory');
Insert into "MPFACTORY"."CITY" (ID,STATE_ID,NAME) values (904,11,'Żukowo');
Insert into "MPFACTORY"."CITY" (ID,STATE_ID,NAME) values (905,6,'Żuromin');
Insert into "MPFACTORY"."CITY" (ID,STATE_ID,NAME) values (906,5,'Żychlin');
Insert into "MPFACTORY"."CITY" (ID,STATE_ID,NAME) values (907,6,'Żyrardów');
Insert into "MPFACTORY"."CITY" (ID,STATE_ID,NAME) values (908,12,'Żywiec');
Insert into "MPFACTORY"."CITY" (ID,STATE_ID,NAME) values (909,11,'Trójmiasto');
Insert into "MPFACTORY"."CITY" (ID,STATE_ID,NAME) values (910,12,'Okręg Katowicki');

UPDATE "MPFACTORY"."CITY" SET "ORD" = id+1000;
UPDATE "MPFACTORY"."CITY" SET "ORD" = 1 WHERE NAME='Warszawa';
UPDATE "MPFACTORY"."CITY" SET "ORD" = 2 WHERE NAME='Okręg Katowicki';
UPDATE "MPFACTORY"."CITY" SET "ORD" = 3 WHERE NAME='Trójmiasto';
UPDATE "MPFACTORY"."CITY" SET "ORD" = 4 WHERE NAME='Białystok';
UPDATE "MPFACTORY"."CITY" SET "ORD" = 5 WHERE NAME='Bydgoszcz';
UPDATE "MPFACTORY"."CITY" SET "ORD" = 6 WHERE NAME='Częstochowa';
UPDATE "MPFACTORY"."CITY" SET "ORD" = 7 WHERE NAME='Kielce';
UPDATE "MPFACTORY"."CITY" SET "ORD" = 8 WHERE NAME='Koszalin';
UPDATE "MPFACTORY"."CITY" SET "ORD" = 9 WHERE NAME='Kraków';
UPDATE "MPFACTORY"."CITY" SET "ORD" = 10 WHERE NAME='Lublin';
UPDATE "MPFACTORY"."CITY" SET "ORD" = 11 WHERE NAME='Łódź';
UPDATE "MPFACTORY"."CITY" SET "ORD" = 12 WHERE NAME='Olsztyn';
UPDATE "MPFACTORY"."CITY" SET "ORD" = 13 WHERE NAME='Opole';
UPDATE "MPFACTORY"."CITY" SET "ORD" = 14 WHERE NAME='Poznań';
UPDATE "MPFACTORY"."CITY" SET "ORD" = 15 WHERE NAME='Radom';
UPDATE "MPFACTORY"."CITY" SET "ORD" = 16 WHERE NAME='Rzeszów';
UPDATE "MPFACTORY"."CITY" SET "ORD" = 17 WHERE NAME='Toruń';
UPDATE "MPFACTORY"."CITY" SET "ORD" = 18 WHERE NAME='Wrocław';


Insert into "MPFACTORY"."AGGLOMERATIONS" (ID,AGGLOM_ID,CITY_ID) values (1,909,161);
Insert into "MPFACTORY"."AGGLOMERATIONS" (ID,AGGLOM_ID,CITY_ID) values (2,909,162);
Insert into "MPFACTORY"."AGGLOMERATIONS" (ID,AGGLOM_ID,CITY_ID) values (3,909,688);
Insert into "MPFACTORY"."AGGLOMERATIONS" (ID,AGGLOM_ID,CITY_ID) values (4,910,074);
Insert into "MPFACTORY"."AGGLOMERATIONS" (ID,AGGLOM_ID,CITY_ID) values (5,910,093);
Insert into "MPFACTORY"."AGGLOMERATIONS" (ID,AGGLOM_ID,CITY_ID) values (6,910,125);
Insert into "MPFACTORY"."AGGLOMERATIONS" (ID,AGGLOM_ID,CITY_ID) values (7,910,165);
Insert into "MPFACTORY"."AGGLOMERATIONS" (ID,AGGLOM_ID,CITY_ID) values (8,910,259);
Insert into "MPFACTORY"."AGGLOMERATIONS" (ID,AGGLOM_ID,CITY_ID) values (9,910,445);
Insert into "MPFACTORY"."AGGLOMERATIONS" (ID,AGGLOM_ID,CITY_ID) values (10,910,231);
Insert into "MPFACTORY"."AGGLOMERATIONS" (ID,AGGLOM_ID,CITY_ID) values (11,910,539);
Insert into "MPFACTORY"."AGGLOMERATIONS" (ID,AGGLOM_ID,CITY_ID) values (12,910,655);
Insert into "MPFACTORY"."AGGLOMERATIONS" (ID,AGGLOM_ID,CITY_ID) values (13,910,629);
Insert into "MPFACTORY"."AGGLOMERATIONS" (ID,AGGLOM_ID,CITY_ID) values (14,910,689);
Insert into "MPFACTORY"."AGGLOMERATIONS" (ID,AGGLOM_ID,CITY_ID) values (15,910,763);
Insert into "MPFACTORY"."AGGLOMERATIONS" (ID,AGGLOM_ID,CITY_ID) values (16,910,860);

commit;


